nose_x,nose_y,leftEye_x,leftEye_y,rightEye_x,rightEye_y,leftEar_x,leftEar_y,rightEar_x,rightEar_y,leftShoulder_x,leftShoulder_y,rightShoulder_x,rightShoulder_y,leftElbow_x,leftElbow_y,rightElbow_x,rightElbow_y,leftWrist_x,leftWrist_y,rightWrist_x,rightWrist_y,leftHip_x,leftHip_y,rightHip_x,rightHip_y,leftKnee_x,leftKnee_y,rightKnee_x,rightKnee_y,leftAnkle_x,leftAnkle_y,rightAnkle_x,rightAnkle_y
503.1851299157304,348.069222553839,564.1951954588015,304.60602835323033,471.0770716292135,304.7236364700375,612.9011587078653,324.2205787687266,440.0149959035581,332.37966701779027,745.9917047050562,581.3218340355805,324.08444522471916,574.8838000351124,787.3872015449438,888.7900866104869,249.51537628745325,854.1026597612359,616.8340355805244,1023.0867421582398,377.0926234784645,959.21640917603,645.7424801029963,1183.1495786516855,385.9349397237828,1133.371956928839,632.2840589887642,1614.6927668539327,404.8297050561798,1586.8464712078653,606.2953534644196,1915.646652621723,407.17711259363296,1896.0358146067417
503.0711610486892,350.03152797284645,564.4444932116105,305.9835118211611,470.9743679775281,306.0716950491573,613.5467872191011,324.4983687382959,439.97008134363296,331.6874780547753,745.9639805711611,581.0346807701311,326.4437763342697,574.6691757373595,784.2910960908241,890.3508309925094,247.11442240168537,854.2517409878277,633.5864349250937,1033.806326076779,376.6639600889513,958.5261587078652,649.832338483146,1181.2811622191011,386.5333128511236,1136.014454588015,630.2671465355807,1613.9810100655432,402.09935334737827,1575.4842579588017,605.6118328651685,1917.9033532303372,406.185554190075,1895.6609901685395
503.58914150280907,348.61185481039325,564.3855337078652,304.7453622425094,471.8643199906368,304.54694083567415,613.3396242977528,324.1580714536517,440.01484960205994,331.86735574672286,745.6460674157304,581.2518287687266,325.60173806179773,574.3860457631087,783.7386616338952,891.2445868445693,243.82417485955057,853.883207514045,615.6171728698503,1022.9329792837079,374.703520014045,956.3475099485019,633.9683549859551,1207.3226825842696,387.20110603932585,1127.6934105805244,628.130559456929,1618.7519019194758,402.9198121488764,1584.0390917602997,601.8885328885768,1917.7870435393259,405.4495113529963,1897.4935627340824
524.9555974953183,347.8502092111423,563.6318615402622,304.5771703827247,470.515785931648,305.38969232794943,613.3799303604869,323.8099470388577,440.17629330524346,332.68199906367045,743.1790584035582,581.3644077715356,324.324452832397,574.2483029026217,781.8486657303372,891.2863559222847,241.17677610018734,853.019150866105,634.2873654026218,1032.9619469803372,372.86897237827714,955.2334240402622,646.0473724250937,1182.4354810393259,391.8344013342697,1122.704310042135,627.140464068352,1614.667895599251,401.9098929073034,1584.1672518726593,606.768053604869,1915.6564548220974,404.88427551498125,1893.9431179775281
521.3518989934457,347.36470768960675,560.0294797518727,303.9684829997659,467.0319815074906,304.8451032888577,610.468603698502,323.9867523993446,437.91161926498125,331.72215150983146,743.0519224016855,581.5738749414794,322.3815689372659,573.25429394897,783.7722378277153,892.5231156367041,238.8565806413858,852.5031454822098,629.4895540730338,1031.880705758427,371.2036224250936,952.8486364700375,632.9517058754682,1207.9623858848315,392.7452013108615,1134.2756612827716,625.3127194522472,1621.0409351591761,397.5925356975656,1573.3264571629213,604.2078505383895,1919.7995669475656,401.81786926498125,1894.5890390917605
518.9057379447565,341.15131963951313,556.2565835674158,303.6064782303371,488.3120464653558,303.28874795177904,607.5497425093633,322.9793202832397,431.77653909176036,329.22665028089887,737.9504623127341,582.7076018258427,317.28559515449444,572.857268258427,777.467740519663,884.8899081226592,235.10862886235952,852.3400924625469,627.8920148642324,1031.8363764044943,367.1730893024345,950.5873273642322,642.7714624297753,1184.2559105805244,394.25986072097385,1128.0666988529963,622.614773525281,1611.3547518726593,398.2626697097379,1566.7022179307116,599.2330143960675,1916.8537862827716,421.1644867743446,1889.2712722378278
516.1864319990638,340.338907420412,554.5938670411986,303.1745779201779,486.17977528089887,302.7464997366573,606.545236423221,323.0224426498127,430.2661224250936,327.38387318586143,745.0822945926966,581.9028704353933,315.781176849251,572.4106829353933,780.06642088015,889.4127457865169,233.85870201310865,850.0062909644195,628.7891356507491,1031.2868679775281,365.8274081226592,950.0512055243446,640.4374414794008,1180.1150661282772,393.71327832397003,1134.2579588014983,622.078432233146,1608.252574906367,397.4507695458801,1569.7132490636704,593.7461961610487,1908.4001931179776,416.8041900749064,1884.4374707397005
517.5980951544944,337.90203651685397,554.8741807116105,300.77861657303373,486.9098929073034,301.60159907537457,606.6373332162921,319.97545792368913,431.6101942883895,327.24748361423224,749.0404084737829,581.0712561446629,314.1902212078652,571.2123273642322,776.3764776451312,883.9879593867041,231.7203593164794,847.4297752808989,629.9437470739701,1029.4571482911986,365.2394955524345,947.608043656367,637.256334854869,1184.3227703651685,390.9028265449439,1137.3147823033707,618.4394019194756,1591.6712020131088,620.7956606975656,1575.6924449906367,598.4368416432585,1906.8480805243446,413.70625585205994,1883.9063963014983
519.7445575842697,335.3780430711611,555.4163740636704,298.37539501404495,488.5675620318352,300.2355819873596,606.4302434456929,317.9137040613296,432.16965121722853,326.8293539325843,750.038916198502,580.8887450257491,311.34202364232215,570.5586888459738,777.3759363295881,881.0498595505618,229.3135533707865,844.5493182350187,636.1089653558054,1022.3117099719101,364.01743913857683,944.4693644662922,632.9521447799625,1184.6349777621724,391.0392526919476,1133.0850596910113,620.0490841526218,1607.3772530430713,390.1850713951311,1566.3202247191011,599.231331928839,1905.5840355805244,408.7587049391386,1885.2329119850187
521.2854049625469,334.25466701779027,556.5149520131087,297.13799523057116,490.93918246722853,298.94021023525283,608.0816216058054,317.9238354400749,433.5873858848315,327.3355936914794,734.9438933754682,578.8052653909176,310.7841028792135,570.5974953183521,782.2460205992509,886.8709767088015,228.38709913389516,843.0509714419476,631.9668773408241,1027.2993474953184,365.40071980337086,943.9518960674158,634.0363851825844,1186.1485399110488,388.4285756086142,1132.20469042603,617.2419241573034,1593.215560627341,388.75555945692884,1562.1904260299625,599.2894867743446,1903.4300386235955,409.92553253745325,1885.1318176498128
523.053751170412,333.90471383426967,557.9964009831461,296.65697419241576,465.0149959035581,297.5956446044008,608.6524169007491,318.8517526919476,434.494455173221,327.4122191011236,737.7070166198503,578.7437456109551,311.34399871254686,570.6585396184457,781.9399578651685,886.605000585206,227.73986130617982,843.950945107678,636.723285346442,1023.6428341526217,365.8719569288389,942.725231156367,633.9588453885767,1181.312031835206,389.5075491573034,1131.841643258427,615.0430857911986,1588.489144428839,614.7103230337079,1597.6350362827716,595.1565426029963,1888.9884714419477,411.07853464419475,1886.1840180243446
524.4325696395132,332.86151100187266,557.4487944756555,295.5310195751405,465.2055536048689,296.99930141034645,609.6536312031835,317.9114363881086,435.8997542134832,327.76667105571164,743.5970417837079,578.7154728464419,310.7309954353933,570.5470213014981,781.4545294943821,886.2232268258427,228.17737593632955,842.4044651217229,641.6757373595506,1020.6070049157304,367.795236423221,943.5056764981274,632.3398730102997,1187.0959884129213,387.35794124531833,1128.0268316947565,616.2298103932585,1591.4448735955057,617.3195371020599,1577.4372366573034,591.337268843633,1888.3141678370787,410.4680916432585,1888.3617158239701
525.6971997893259,335.9676015332397,559.9755676498128,298.5013240285581,469.1024403089888,298.77821790145134,611.6774929775281,318.4772940074906,439.8508456226592,328.8468150163858,743.4797079822097,578.7517921933521,315.94079178370794,571.2365036867977,781.7399637172284,888.0128599016854,231.09075081928836,844.9474777621723,638.5038477294008,1022.0480015215356,368.53559515449444,944.1899286048689,634.2547401685395,1193.4562265917602,394.01173338014985,1138.0672109082398,618.5944083567415,1597.4423572097378,393.6865051498128,1558.8664559925094,596.237344920412,1908.1658181179776,392.259846090824,1879.225479868914
502.41463307584274,344.6268580290262,562.4506963951311,301.85356683052436,470.3207660346442,303.0314767673221,616.602732911985,317.5314548220974,440.8603991104869,328.606331928839,751.3660902387642,579.3722934222847,319.83848314606746,570.3517453768727,787.8317386470037,892.7645862593633,233.23084913389516,846.5101240636704,620.2023349719102,1017.8788477294008,366.86878218632967,943.3854898174158,636.9850918773409,1197.2832543305244,391.4235135767791,1124.157595973783,625.3524403089889,1602.7076018258429,399.45678253745325,1563.2515507958801,599.9825901217229,1908.1168071161048,391.66505735018734,1876.3243211610488
525.3576340121723,346.2299932701311,563.3947068117977,303.10932745201313,470.3844803370787,303.28344452247194,617.0427346676031,320.43557613529964,441.2622161750936,329.76372308052436,748.1503833099252,580.9344276685393,319.81127106741576,571.5459313553371,783.9753774578653,886.7731010065544,230.22332923689146,846.79453417603,635.0294797518727,1027.96875,360.8891473548689,941.6099016853933,634.8122220271537,1195.4969130383895,390.39296582397003,1124.7261967462548,625.4749678136704,1603.8758192883895,393.2563055945693,1565.9949964887642,600.6496518024345,1910.017263576779,414.30792076310865,1882.668831928839
503.4628101591761,350.69028704353934,565.6162950608615,307.0027577832397,472.591950491573,307.07894428838955,616.5916139981273,322.8043436914794,442.1420002340824,331.9096734550562,746.9010416666667,580.974843457397,323.4105805243446,572.1192137757491,783.8369762406367,889.2409146769663,225.1853639981274,847.5318937265918,616.1686563670412,1020.2128686797753,347.77972846441946,940.7348724250936,631.7485955056179,1199.19687792603,390.4754067181648,1137.3145628511236,623.7299566947565,1603.2050269194758,620.1563231507491,1614.4659995318352,598.5779494382023,1910.6899578651687,416.0502253043071,1889.7555301966293
505.632973431648,349.95826749765916,568.1393375468165,307.20703125,474.66562792602997,307.4622176381086,619.1559135065543,323.4321599953184,444.25766619850185,333.6705948618914,754.9841262874531,583.2115373361423,329.72736715823976,571.2919519545881,786.3038389513108,888.8699672284645,233.07672050561803,846.6667398174158,626.7019984784645,1017.576954588015,337.8797255383895,923.0153470271536,642.9679453417602,1179.9971471207866,389.5686300327716,1134.0783005617977,629.8365080758426,1615.3253745318352,401.1846032303371,1575.0716877340824,602.4177785580524,1910.065396769663,400.17080699906364,1894.6444873595506
506.53579997659176,350.0572404611423,569.6750643726592,307.89845213014985,476.0123332162922,307.072031542603,621.103991104869,324.5457338483146,446.44384948501875,334.2500585205993,754.742655664794,582.2262333216293,334.1418685627341,572.1674566947565,788.2214126872659,889.4218164794008,215.53846266385767,851.5123185861423,627.8664121020599,1016.2402709503746,309.89766210205994,897.8104517790263,646.6605951544943,1183.3657391151685,394.00814899344573,1126.0544680477528,631.7634451076779,1611.7477176966293,408.19178663389516,1578.5058227996255,606.8770482209738,1910.8805887172284,398.1002750468165,1879.6392205056181
506.9838483146068,350.8230556530899,570.2604898174158,308.5516883192884,476.6494762406368,307.42293568586143,621.7415730337079,326.18387172284645,446.517731741573,334.2224441128277,755.5293188202247,582.0670207162922,335.4190074906368,570.9664676966293,787.5452071629213,891.0013606039327,208.15228522940072,844.0043451544944,629.7073970037454,1017.7288155430712,296.7437675561798,877.5924625468165,647.603362008427,1189.3376931179776,400.46889630149815,1140.0286019428838,629.3722934222847,1609.0477235486892,407.1128862359551,1570.7503803838952,606.9108438670412,1910.6839595037454,398.5669036750936,1889.320868445693
509.1726650280899,349.2691874414794,572.0788711376405,308.68398144897003,478.5297430945693,307.45618270131087,623.3552785580525,324.5933915613296,423.2149754213483,332.84439372659176,757.8620230571162,581.2363939606741,336.4126141151686,570.4075959737828,790.7161458333335,890.6487739934457,227.03307876872657,817.1635065543071,628.5222817181648,1019.9083421114233,405.6591613998128,872.7465180243446,645.5775983146068,1187.6783415262173,415.2388371956929,1150.8537423923221,630.7437968164795,1610.6298279494383,629.7691362359551,1610.4280781835207,607.075871956929,1912.0675327715358,401.4853991104869,1892.4679599719102
510.5017409878277,348.2868826076779,572.9980834503746,307.59012172284645,479.90987827715355,305.33131803019666,624.8900544241574,323.91502808988764,425.39245376872657,331.9706446044008,756.8630032771537,581.4807540379213,344.2555448267791,568.1072975187266,794.0281191479401,889.2650544241574,200.21381963951308,807.0122308052435,632.6601269897003,1020.9240402621723,322.3501141151686,827.2271477059926,645.7841760299625,1185.6942006086142,419.0884685159176,1143.2978552200375,633.7364671114233,1613.8759655898878,407.05092755149815,1580.0077539794008,607.9536077949438,1906.7322097378278,401.74362125468167,1877.801088483146
510.80670646067415,350.76727820692884,573.0213453885768,310.21140566479403,480.10065543071164,307.3903836025281,625.0362827715355,325.7580977879214,425.1822185159176,333.01681004213486,757.5057789091761,581.9429936212547,349.45934281367045,573.872820107678,794.5102557350187,891.9179394897004,223.99922460205994,791.9136235955057,630.3800181413858,1021.3464126872659,305.4969130383895,807.8878452715356,649.6018404728466,1191.9697302200375,390.3230337078652,1195.1856566011236,633.5424713249065,1611.039618445693,631.7123858848315,1615.3208391853934,608.8009129213483,1906.4145891853934,399.9035141619851,1881.2043539325844
515.2522969335206,349.8278762874532,576.7345505617977,311.34323062968167,482.9383924391386,308.19500526685397,627.3635738529963,328.2228757022472,428.3900983146068,333.1892263576779,759.5047694288389,581.9072229049626,359.62773583801504,571.7983014396068,798.6571716994383,899.3518843632959,247.6489349250936,767.2638693820224,632.0867714185395,1023.683213366105,213.45169124531833,801.0483965355805,631.3367567883895,1195.78125,420.7197302200375,1160.0783444522472,632.209298923221,1610.2813377808989,410.45455875468167,1579.3330114700375,606.4018609550562,1907.048367275281,402.83737125468167,1893.4968984082398
518.0857911985019,350.76910697565546,558.4620786516854,307.84413769897003,485.88219803370794,309.0311183286517,632.2638693820224,328.82369937968167,433.42096793071164,333.83928048923224,759.0753745318352,583.4078739466293,378.61986481741576,570.8896594101124,773.1334854868915,883.2682291666667,263.93967989232215,752.2239290730338,637.9040115870787,1023.3628862359551,138.74926849250937,783.0408034878277,634.4582455524344,1193.545470505618,392.2304394897004,1208.1176117743446,635.2042368913858,1615.280313670412,415.71248829588023,1597.8424918071162,603.2636206694757,1912.0594861891386,410.4943527621723,1895.3626814138577
517.4166081460675,351.91505003511236,556.8378394194757,308.8073501872659,485.08887816011236,311.19367392322096,631.8457397003747,330.1295865519663,432.2947389981274,335.50104605571164,755.7105132256554,582.5788199321162,380.5965443586142,571.9724733731274,774.3967257724719,882.9507549157304,232.92383544007498,755.3243504213483,639.5696541432585,1024.5134743679776,92.19218164794006,779.672504096442,656.5475772471912,1189.5334445224719,394.58099250936334,1210.402182818352,635.1117011938202,1619.6611657303372,410.75162394662925,1582.7541257022472,604.4747044709738,1918.0154201779028,407.4868328651686,1895.1212839419477
517.1828915028091,356.63795499765916,575.9808052434457,309.8265961493446,490.1964829119851,312.12137172284645,630.9328183520599,332.190389454588,431.902504681648,338.0295016970974,755.7006378745318,583.2288009129213,376.28825784176036,571.3450593984082,773.3163623595506,883.3011470037453,254.1034644194757,713.6021623361423,640.4455612125469,1024.3872161750937,32.14141502808991,785.6912745786517,653.2803721910113,1189.4914559925094,390.650310159176,1204.0219013342696,635.5044475655432,1634.0822507022472,412.58719569288394,1590.1729283707866,604.1564255617977,1921.558988764045,406.3876697097379,1901.7365987827716
519.5228376638577,356.5551483497191,560.0869762406368,310.3246795997191,488.54005735018734,313.41244586844573,634.6657742275281,331.63192006086143,435.6221471207865,335.24948062968167,757.3283151919477,584.7987257139513,374.58172401685397,575.2864217579588,776.8976035814608,885.6069317649813,271.5388723080524,694.612739934457,642.9923776919477,1028.7526334269664,47.177661224250926,775.0669329353933,633.6315689372659,1192.2077627574906,419.6137640449439,1166.1219861891386,388.1614290730338,1576.3892790262173,416.6860516151686,1592.9396360018727,602.8335674157304,1917.7449087078653,410.92265039794006,1897.7816303838952
520.5213453885768,351.58367714185397,561.8948238529963,309.2312587780899,489.3695136938203,311.13837195692884,636.9402504681648,329.1483789794008,437.28844803370794,334.0595008192884,759.3044826779026,583.9691230688203,356.2295177902622,568.2114641853933,780.1125058520599,886.2790408473783,254.59233087546818,698.7462693117977,643.7599485018727,1027.2790847378278,19.433118270131104,792.2577978698503,654.1055857911986,1185.212576076779,401.2364671114233,1182.862974016854,642.3629886470037,1620.3059164325844,417.98177083333337,1602.5131671348315,607.3509187734082,1917.4509889981275,414.8553078183521,1895.4178370786517
519.5975245786517,351.2382593047753,560.0751258192885,308.65570868445695,488.64927141853934,310.92799040262173,635.8727615870787,329.25144838483146,436.5246810627341,334.5436490519663,760.9048747659176,583.7067313319288,366.33814665262173,564.5423323384832,777.9428546348315,885.2586610486892,243.5818995786517,689.6791608146068,647.1516561329588,1024.9983906835207,18.74861013576782,791.1646330758427,630.0790028089889,1196.6660814606741,416.74808345037457,1162.1444873595506,634.5329324672284,1620.0969978932585,413.1905430711611,1590.6267556179776,606.4492626404494,1916.027036516854,410.89243913857683,1893.4063377808989
519.4798981741574,350.8829295411985,560.3994030898876,308.9066889044944,488.53522940074913,310.8411238881086,636.2766268726591,329.8387025983146,436.8179424157304,333.6725699321161,760.970856741573,583.4966058052435,356.9655606273409,566.2998156601124,777.8923806179776,885.7486247659176,242.2524578651686,691.1459064840824,646.0205261001872,1026.2881115402622,15.266744206460714,796.3363178838952,632.9053283005619,1196.8556150514983,396.0085293773409,1182.6994820926966,635.7699847846443,1627.4302141853934,413.4358175327716,1595.8890742041199,606.5942474250937,1914.690864934457,407.51514220505624,1895.2017497659176
523.4654435861423,351.4811563670412,565.2356917134832,309.20704588014985,491.4737681413858,311.1047957631086,639.8602820692884,330.490548923221,439.43249648876406,332.01442532771534,761.2426849250937,585.2648788623595,362.2648934925094,565.3206928838952,781.5286312031835,887.8868211610487,239.71076193820227,694.028045997191,650.8272618211611,1026.6324321161048,22.423228288857672,803.3356010065544,636.4667456694756,1185.1433023174159,417.52604166666674,1160.8952188670412,385.07636938202245,1583.1854225187267,420.3784819756554,1597.7569054307116,603.1987359550562,1915.0215063202247,411.8955553604869,1894.7398759363296
525.2354722612359,355.6940177317416,566.6010504447565,309.0019311797753,492.36020891853934,311.0270730922285,640.4466584737829,330.5231010065543,440.5253686797753,332.65072711844573,760.7622308052435,584.6839521886704,362.37813085205994,565.0250541315543,780.6387523408241,887.3858116807116,235.73019077715355,698.9055916432585,646.373990519663,1028.8001814138577,31.233321629213492,811.2905986657304,633.1866660814608,1187.9712371254682,397.39159058988764,1183.16172167603,386.31320224719104,1574.2989232209738,416.80184925093636,1600.9870962078653,601.8626375234082,1911.4308286516855,412.2003013810862,1892.0603639981275
524.0867860486892,355.88519721441946,565.940938085206,309.5569259129214,491.50690543071164,311.1214375585206,639.7463132022472,330.8894399578652,439.4477118445693,332.65965150983146,758.5711464185395,584.3425210674158,354.76540554775283,566.4422035931648,778.4980688202247,887.2238559222847,234.5447097378277,698.2366280430712,646.9003101591761,1028.426088483146,25.772837663857672,820.4698472612359,633.1440191947565,1194.489919826779,416.90528441011236,1159.8550883661048,630.9279172518727,1620.2972846441949,412.35252808988764,1584.0090999531835,608.2135855571162,1914.8365812265918,404.63666022940083,1892.6019721441949
526.0766327247192,351.9094905781835,568.0819873595506,309.10737798455057,493.20100362827714,310.44698765215355,641.0722436797753,329.5817605922285,440.908751755618,331.1323735955056,759.9758602528091,584.1476108965356,364.7585293773409,562.7925298455057,781.3025222378278,886.6321395131087,235.48886645599248,698.4987271769663,643.7034761235955,1027.874604985955,14.155401451310865,829.7616748595506,635.8013664559926,1192.1006700608614,418.0680155664794,1163.0292456694756,634.4823852996255,1627.9637757490636,415.7762025983146,1583.9409234550562,603.939533590824,1914.3031659644196,410.76025573501875,1899.6319054307116
526.2673367275281,351.6178751170412,568.0053253745318,309.01915818117976,493.36559281367045,310.33345768960675,641.4788155430713,329.45008924391385,440.55696980337086,331.6569376170412,763.1085410814608,583.6787145950375,363.31826427902627,562.5634582748128,782.4185100655432,887.3074672284645,238.9741338951311,699.4274490870787,639.885226474719,1027.887113764045,5.444390800561791,832.6804628979401,635.1634919241574,1193.431794241573,417.33914150280907,1160.7471617509364,632.7479810393259,1626.9305945692884,415.937426849251,1583.9319990636704,607.295543656367,1911.5246079119852,410.6048103932585,1887.9874765917605
522.259919241573,351.04634831460675,564.3192591292135,309.13824760065546,490.6175386235956,309.89272442649815,639.1447945926966,328.65080758426967,437.728596090824,331.84793422284645,760.7066362359551,582.5523759363296,358.4468632958801,564.0453461493446,779.2259919241574,886.453359082397,242.87306882022472,703.3160697565544,638.6576106039327,1027.319683403558,10.351489349250926,826.9444932116105,633.1240490402622,1196.0932379447565,415.96127399344573,1165.305404377341,632.1738939606741,1626.9086493445693,410.6105893024345,1583.5546875,605.1264044943821,1910.8700550093633,405.7069288389513,1893.6301790730338
520.3605600421348,351.1644867743446,562.3053458567416,307.57816157537457,488.3238237359551,309.33034146769666,636.0018726591761,328.7545719218165,436.46052785580525,332.29517790262173,764.9899783473784,582.8344818000936,351.38686505149815,563.3475245786517,777.9947185159176,885.6218545177903,222.82566713483152,713.0575550093633,640.056179775281,1026.2726767322097,29.03221558988764,815.4064255617977,632.7183549859551,1195.6590150983147,416.1443703183521,1158.2874678136704,632.9216409176031,1615.1575667134832,408.6834328183521,1588.5601006554307,602.9420499765918,1907.9993270131088,404.03353230337086,1879.2987769194758
521.8262084503746,350.85425444756555,563.6979898174158,307.18687821863296,489.8534058988764,308.59221383426967,637.7208421114233,326.3802814840824,436.6554014513109,331.9493943117978,761.1978435159176,582.5586669007491,354.55736481741576,566.9854576310862,778.6840911750937,886.3251989700375,236.10808754681648,729.086639747191,642.2354868913858,1026.8168451544943,53.18673923220973,805.9130676498128,630.4147647471912,1193.1901773174159,417.9597524578652,1169.3499824438202,634.4715589887642,1616.3048630617977,634.8689138576779,1605.752428604869,610.6682320926966,1911.5231448970037,410.928283005618,1882.0605102996255
521.5135621488764,349.9995245201311,563.3854166666667,306.9575871956929,489.93738295880155,307.9610691713483,637.2385592228466,326.7252604166667,437.2182964653558,332.0899534761236,761.408663974719,583.336954295412,352.447185159176,567.7535039208801,779.3163330992509,888.3644955524345,210.0534731975656,752.6778294709738,642.2835469335207,1027.7405928136704,47.91304570458806,787.6269165496255,631.1465648408241,1194.1709825608614,419.3141385767791,1165.4476094335207,636.3546787219102,1620.6166608146068,384.6979605571162,1569.0121722846443,610.4497308052435,1904.0380676498128,413.7426849250936,1897.3959796348315
517.9309310627341,350.5227718281835,558.3021711142322,307.53013810861427,486.0674157303371,308.90683520599254,633.7581928838952,327.8323604283708,434.11897237827714,332.7021155196629,759.130237593633,583.2367011938203,376.4103464419476,571.3691259948502,775.6068586142324,885.5012289325844,226.49059281367045,797.0933549859551,642.2237096207866,1029.7464595037454,110.77620259831463,781.6092433286517,630.3497337312735,1192.3918831928838,391.606097846442,1195.6342901451312,633.145628511236,1617.57110252809,412.0552434456929,1586.4634538857679,602.7591731039327,1910.3945751404494,404.7457279962547,1896.4975421348315
516.6342608848315,349.8461273993446,557.0698735955057,307.02382519897003,485.13679190074913,308.4263445107678,633.2947828885767,327.6468501287453,433.1729868913858,332.1217740519663,757.2197594803372,583.5739992977528,374.02073092228466,573.2790920529027,774.0558432818352,885.6866660814607,252.91703242041206,747.8210586376405,641.6397471910113,1029.1908795646068,211.62401977996262,794.8985399110487,630.2349602059926,1194.515229985955,418.8605307818352,1150.012581928839,633.7169358614233,1620.4851357677903,411.6752253043071,1581.5484550561798,604.7395833333333,1915.9715882490636,401.63667485955057,1886.8397413389514
518.7608263108615,348.3458421114232,560.3099397237828,305.2714258544008,487.71206402153564,307.032420411985,635.3202539794008,326.4151012406367,435.18492509363296,330.9588600187266,758.1811066245318,583.4638708450375,362.11625117041206,577.5063641151686,777.1801117743446,887.1076925327716,231.87653616573039,837.173674508427,644.6553868211611,1030.0780518492509,173.6737769194757,797.2915203651686,632.8468808520599,1192.3308754681648,399.262347846442,1191.0841672518727,635.9129213483147,1618.6278382490636,382.05502399344573,1568.0505325374531,607.9394165496255,1912.9839653558054,409.37924274344573,1888.9182467228466
517.0494645365169,347.6403397120787,578.6524900514981,309.10375702247194,486.98626228932585,305.9623529669944,634.5852352528091,325.55108116807116,434.6101065074906,330.6438363178839,758.8598724250937,583.0662599485019,359.2401831694757,571.4154304190075,773.2221441947565,886.9264981273409,190.07267526919475,869.447272940075,641.6330173220974,1027.4906367041199,325.8423308754682,761.4228552200375,632.9054746020599,1196.9717052902622,389.46314665262173,1114.7461669007491,630.9243328651685,1626.7563494850187,379.67228464419475,1561.9689255617977,607.2434603230338,1909.0447975187267,403.75,1893.8528499531835
515.7739349250936,347.8486364700375,578.1432145365169,308.9535785346442,485.94049918071164,306.43287687265916,633.140946863296,327.0928063553371,433.44730220037457,332.15231448970036,757.6185042134832,582.720622659176,347.8515625,572.7615870786517,798.5126258192884,895.8801498127341,196.97631378745325,887.2447038857679,638.7328095739701,1027.3454324672284,231.04671406835212,823.981961025281,632.6501784878278,1188.1231712312735,415.7473080524345,1127.6490080758426,629.5226182116105,1616.970388576779,630.4659702715355,1612.7510533707866,604.4605863764045,1914.0436271067417,403.65373361423224,1896.8827539794008
516.627969920412,347.6253072331461,578.7769926264045,308.6865051498127,487.05063494850185,305.1603830173221,634.6797460205994,325.92857560861427,433.1073706694757,329.75966321395134,755.963834269663,582.9199584503746,352.1568498361423,575.4874400163858,800.4947916666667,895.6267556179776,201.0517614700375,864.0888342696629,637.8833099250937,1025.7195839185395,272.9803078183521,826.863515332397,634.4973080524344,1192.3866163389514,414.232575491573,1119.2392322097378,633.8243943117977,1613.2288740636704,408.15330933988764,1582.4166081460676,605.4451954588014,1910.7272647471912,402.34989466292143,1893.0345856741574
517.2016912453183,347.1633968281835,558.1903236189139,303.82166944639516,487.01793656367045,305.15798733029027,634.6411224250937,325.8023905664794,433.3997542134832,330.18583947799624,757.8531718164795,582.9216043422285,347.4625468164794,573.8523744733146,797.1395131086142,896.2446599953183,202.5806852762172,856.7727352528091,632.7134538857679,1026.0960908239701,297.3329236891386,844.3236481741574,651.6515244616105,1183.0577013108614,406.75386235955057,1137.7129418305244,633.4530811095506,1609.4727294007491,408.189372659176,1585.4624590355807,606.331563085206,1912.6095798220974,402.30863764044943,1889.4777036516855
517.9332718867041,344.99857356039325,579.4617567883895,306.4192159702715,487.7907010767791,303.80879491455994,634.8392878043071,325.4491090238764,433.31987359550567,329.8286809456929,758.103201076779,582.0255808169476,351.79248595505624,572.3451398642322,796.4846676029963,895.3187909644195,205.4258105102997,863.0419738998128,628.58672752809,1026.1004067181648,321.126960440075,859.6198355571162,648.8720886001872,1188.141093164794,411.04232502340824,1114.0701076779026,629.7140537219102,1614.5878686797753,629.8334357443821,1610.753599016854,605.5753306413858,1913.2502340823971,401.30142497659176,1888.0301966292136
517.2151509831461,343.5621488764045,579.5509275514981,304.9617421582397,486.8596383426967,302.45994996488764,634.1906601123596,323.9941040496255,432.1269311797753,328.1346558988764,757.5856595271537,581.513598724251,348.90990753745325,573.6339463366105,797.5900485720974,892.4809076544944,227.72801088483152,858.4214799859551,626.6299449906367,1023.1865929307116,325.460703417603,885.4357590121723,650.8905372191011,1187.5265537219102,405.3861628043071,1131.1115987827716,410.3665584035581,1570.6482619382023,403.1811066245318,1573.5409351591761,599.8788623595506,1909.1710557116105,399.03543422284645,1892.750321863296
517.4929775280899,342.0394063085206,579.8289735486892,303.3063955699906,487.43350596910113,301.2683242626405,635.2588073501872,322.16529874765916,430.4655313670412,325.73088570926967,760.5939840823971,582.1080217111423,345.5580670646068,572.1699438202247,796.3137874531835,893.5050181413858,250.60334737827714,846.9677551498128,631.1213278323971,1020.8533766385768,340.923674508427,914.7590414325844,650.2307174625469,1175.1778294709738,398.57502340823976,1117.7508339185395,628.0945692883895,1616.161341292135,630.3924537687267,1613.5400573501872,604.6126667837079,1908.1159293071162,412.1650427200375,1882.9609960205994
517.8051849250936,342.63810861423224,580.9515449438203,303.5501704412453,487.75785639044943,301.3242662979869,634.8251697097378,322.7584781718165,431.86549040262173,325.4125336493446,759.5071834035582,582.6825111189139,341.9188904494382,572.7951266970974,799.1768346207866,900.5862301029963,232.9793568586142,850.1536897237828,629.2023642322097,1019.2806355337079,359.5763108614233,927.3882988061798,651.7495464653559,1183.8897179307116,396.0675620318352,1118.95313963015,411.7728815543071,1575.8928780430713,628.6221324906367,1611.5090999531835,604.3371810627341,1904.9243621254682,401.03054775280907,1877.403441011236
516.3485340589888,343.00547167602997,579.0020774812734,304.3001667837079,486.53258134363296,301.7907486247659,633.1292427434457,323.38951310861427,430.496327832397,326.69413477294006,761.1551234784645,582.6516049274345,342.41594978932585,574.1672884480337,795.6634772940076,892.7023349719101,237.02751931179773,854.7543597846442,627.0749941479401,1016.0597349016854,358.67677610018734,942.5692737593633,650.7769341058054,1180.7049537687267,389.1565718632959,1126.2208128511236,627.111642673221,1616.6172167602997,629.1687148876406,1615.839770599251,600.6966145833334,1911.986335440075,399.88610428370794,1896.8720739700375
515.7650105337079,344.1338219803371,577.7358380149813,305.2130881320225,486.1679980102997,302.3832331168071,632.3892497659176,325.13020833333337,430.2378862359551,327.8747147120787,759.9465999531835,582.1434266736892,342.64805711610495,574.1620581694757,798.902665613296,900.1874853698503,242.81462137172286,855.3758485486892,625.8776626872659,1025.563114466292,362.95668012640454,955.7677171114233,649.1736891385767,1184.2344774110488,399.65619147940083,1132.7254506086142,629.8083450374531,1625.7549157303372,379.8601357677903,1553.9688670411986,601.0315718632959,1912.868826076779,398.7230805243446,1881.8112125468165
517.7740227059926,343.34320868445695,579.240548923221,304.3463614817416,487.2213687968165,302.10992363061797,634.1039033239701,323.26303546348316,430.9493504213483,325.7296055711611,760.1275017556179,580.75937792603,345.25858789794006,573.6871635065543,802.7522237827716,892.4170470505618,243.31731331928836,855.2193059456929,624.1001726357679,1024.0862008426966,366.7207250702247,960.1320371020599,649.3573706694756,1192.6798045411986,399.3778528792135,1131.104137406367,628.741880266854,1629.0562090355807,411.74135358146066,1578.3059749531835,605.3855775983147,1913.0132256554307,402.2912277621723,1878.1371430243446
516.5652797284645,344.3891912453184,578.053751170412,305.4932189255618,486.9339595037453,302.6170229108146,633.1451164559926,323.2539281952247,430.6993211610487,327.08161429073033,762.8672167602997,580.7255822799626,344.2905108848315,573.3049508426966,775.5282215589889,884.6377574906368,242.3610135767791,853.4541052200375,627.0101825842696,1024.1510855571162,369.22818644662925,962.8500263342697,633.4674918071162,1194.4027241338952,402.9287365402622,1131.1415174391386,633.4653704353932,1616.108672752809,412.4058549859551,1578.4906074438202,604.9070253979401,1916.8581753277153,403.6709971910112,1890.3045997191011
514.2598607209738,343.61174508426967,577.1193235018727,303.8605490695225,484.2833421114233,301.6983409410112,630.3475392088014,321.97733789794006,428.03158649344573,328.4866573033708,760.0925356975656,580.0955714536517,346.5412862827716,571.525156542603,775.8418919709738,884.0355073735956,238.8969598548689,848.3595213014981,626.4358760533707,1022.8665584035581,363.978596090824,960.5011557818352,651.5819580992509,1189.2068995786517,401.07531601123594,1128.3245552434457,632.2177112593633,1614.5445634363296,409.12475128745325,1585.9162862827716,605.2081138810861,1913.2301907771537,399.6065221207865,1877.8865285580525
513.3663974719101,342.97613822565546,575.4010855571162,302.65112944756555,482.8137435627341,301.90539413623594,629.5050620318352,321.455078125,428.19785814606746,329.0075637874532,760.3606331928838,580.5380969101124,345.2593194054307,570.4514132724719,772.8716058052435,883.6901626872659,238.267497659176,847.2670880149813,623.3492070458801,1024.0215355805244,366.2134246254682,960.5079588014981,654.1547430945693,1192.4730073735955,399.21121547284645,1131.4584064840824,630.9602498829588,1614.0876638576779,409.03931121254686,1579.5055009363296,608.2414559925094,1906.7184573970037,403.00569112827714,1877.3352645131088
512.8160843867041,342.3531498712547,575.0384041432585,302.29817708333337,482.2839126872659,301.70386382256555,629.5614612593633,320.63802083333337,427.26386938202245,329.1025866104869,759.7201983848315,580.466957806648,344.0127574906368,570.2416169241574,773.5091145833335,882.7100158005618,238.36083801498125,847.4406747425094,627.9231770833333,1023.4634685159176,365.12186914794006,958.2470154494382,651.8395218867042,1190.367655664794,398.6144516619851,1134.174859550562,383.833903909176,1565.5701369382023,409.6401714653558,1579.8200491573034,602.0665818117977,1905.7557935393259,404.3375468164794,1879.1798338014983
511.62314197097385,343.6510636118914,573.2986598782771,302.8327627574906,480.0233350889513,301.8688553370787,627.8816274578653,319.9161692415731,425.25983146067415,330.7398832514045,758.7634597378278,581.9087224953183,344.03411750936334,571.4430082514045,799.9874180711611,899.4137698970038,236.75254564606746,849.932262406367,623.3758339185395,1023.9007636938203,365.2154289559926,958.4970447097379,651.3995201310861,1187.4830290262173,395.4422694288389,1129.1776392790262,633.0339273174159,1615.0096558988764,406.5743504213483,1579.2632256554307,600.8527914325844,1913.3229459269664,399.33418188202245,1877.935393258427
511.5433345037453,344.2822814255618,573.5949204119851,303.34889615519666,480.0582279962547,302.5381115402622,627.8506846910113,321.16642526919475,426.00845622659176,331.23632080992513,759.5074760065543,581.6256290964419,341.62189840823976,572.251726357678,796.3300269194756,893.7954266151686,237.7609287219101,850.3727030664794,622.3468954822097,1023.207733497191,366.6986335440075,958.0367070458802,649.8100275046818,1191.9835557116105,395.51022647471916,1125.9709298923221,631.8847290496255,1625.829529494382,407.09357443820227,1582.4615227059926,604.3640273876406,1917.3579412453184,404.4153792134832,1891.9411282771537
511.74223139044943,344.82315806413857,574.5440513810862,304.4177200374532,481.6050737359551,302.6772991280431,629.0954909878278,322.0624853698502,426.8647588951311,330.43681969803373,760.256173923221,582.201325491573,343.5630998361423,572.6432291666667,800.5683813202247,899.6413418773409,239.15825433052441,851.2682145365169,627.7187207397003,1023.4492041198503,368.16003920880155,957.711332514045,633.6748010299625,1195.8959503745318,400.6589419475656,1132.5032186329588,634.7292690777153,1611.1723139044943,414.3253306413858,1592.5081928838952,604.419621956929,1914.7142731741574,404.7591877340824,1890.5070809925094
512.2303663389514,344.8993445692884,574.8304365636704,304.0839697448502,481.9156718164794,302.3303451252341,629.4855307818352,321.06101503979403,426.9688524110487,330.1488983497191,759.2747834737829,582.6494469803371,342.3011031132959,571.558440133427,799.5961347144196,898.5979195926967,239.17442064606746,851.2282010767791,628.6941859784645,1025.3291783707866,368.6221324906368,958.5572477762173,653.3928780430713,1191.5705465823971,399.41135592228466,1135.7705699906367,634.525544241573,1612.5825140449438,414.1791022940075,1587.352966994382,604.2995084269664,1916.8672460205994,405.48359960205994,1889.623127340824
512.8453446863297,343.31643551029964,575.5212722378277,303.41054394897003,482.36671933520597,301.91210571746257,629.6274432350187,321.54874765917606,427.01171875,330.091877340824,758.7343457397003,582.7100889513109,343.3929511938203,570.9636148174158,772.1828183520599,882.9833801498128,239.50520833333337,851.7115812265918,631.4564314138577,1025.0989729634832,373.0253686797753,959.3392292837079,633.3110955056179,1191.7904377340824,398.73705231741576,1130.6411663155432,385.06100772471916,1570.3487827715355,416.2928663389513,1591.7594218164795,605.9645657771537,1910.3059164325844,406.0120406132959,1889.1407713014983
514.8118562734082,342.46038886938203,576.6409907537453,302.3249868328652,483.85263050093636,301.4704580699906,630.9661019428838,319.8347524578652,428.41972436797755,328.1713044241573,763.1864466292136,582.1669080641386,345.2042368913858,569.7996400983146,774.5785053838952,883.4080202481274,239.50191654962543,851.3256378745318,633.9238061797753,1024.6203476123596,377.16848080524346,960.6717433286517,632.7460791198503,1192.3028587312735,400.5833772237828,1130.5435100655432,633.7392468398878,1617.3054190074906,380.53290320692884,1558.7805770131088,608.4252106741574,1908.1141736891386,406.51078242041206,1876.8210147471912
515.2869703885768,342.3791183871723,577.8552931882023,302.51364261470036,484.6651158707865,301.19497234901684,631.9095271535582,320.08609843164794,428.5729751872659,327.7428604868914,763.512040613296,582.0024286048689,346.2198618913858,570.8799303604869,779.0454558754682,883.5115285580524,239.10873127340824,853.3072185159176,635.1512025983147,1025.552580758427,379.4363734784645,961.4330963249064,636.4238793305244,1192.9084006320224,401.3834269662922,1131.9121605805244,630.650383309925,1619.3941654962548,382.14126872659176,1557.768609550562,609.1932203885767,1913.301878511236,408.2447477762173,1883.865870786517
516.1355922284645,343.4264176615169,578.4678575608615,303.2975626170412,485.7655957397004,301.55421567766854,632.3760094803372,322.31909819756555,429.2603727762173,327.25077539794006,763.7847466058054,582.0927697799626,341.9454441713483,572.0186314957865,782.3555272705994,884.303751170412,238.44474192415737,856.0932379447565,638.4791959269664,1027.5996313202247,378.6884070692885,961.1339829119851,636.657888576779,1189.2119469803372,402.6501053370787,1136.5725948033707,634.4578066479401,1614.425327715356,413.38234433520597,1587.6858029026218,610.8050971441949,1918.1596734550562,410.30686739232215,1884.8288272471912
518.0747454353933,342.56806677200376,580.8904640683521,302.6038009129214,486.98750585205994,301.07922957631087,634.2495464653559,319.9499283122659,431.1673396535581,325.04151305009367,768.0564577481273,581.6630457045881,343.0225158005618,572.5704441713483,782.1477059925094,885.9439372659176,239.2632256554307,852.8244235720974,642.0213014981273,1027.3923952481273,377.5205553604869,958.5734872425094,636.9620493913858,1193.073282420412,405.541096090824,1136.83125585206,640.9296728698503,1616.9626345973784,414.64609667602997,1587.896330758427,613.8873039559926,1914.3156015917605,416.9488822565544,1885.7484784644196
518.9734755383895,342.2209298923221,581.7671757958802,302.4047577247191,488.3587166432585,301.67667003160113,637.0582426264045,318.5862886235955,433.4958011470038,325.3255574087079,770.5015215355807,582.9493284761236,344.9685451779027,572.6003628277153,785.2615139279026,887.2728669241574,239.8456519194757,850.6325345271536,641.2170821629213,1026.4359492041199,371.4663799157304,950.9154816245318,637.5656162219102,1190.7331168071162,405.43948970037457,1135.9173103932585,390.51600538389516,1571.640625,635.5795733848315,1614.3220388576779,616.2862827715355,1895.4198852996255,412.2646008895132,1877.6915086610488
518.9526275749064,342.05656015917606,559.2760270365169,297.4967813670412,488.5786077949439,301.6175093632959,637.8961113061798,320.20807730571164,433.6737769194757,326.0256100772472,771.4562119616105,582.4708494264981,348.7673367275281,572.4914047869851,786.6068293539327,885.7481858614233,237.61886996722853,846.918597846442,647.622893258427,1023.2746664325844,363.2563055945693,945.1947272940075,634.4664384363296,1192.177185744382,404.1363822565544,1131.8055799391386,387.36862125468167,1570.502984550562,414.0774959035581,1591.618533473783,616.6983409410113,1919.0052961142324,416.22615285580525,1878.170792368914
521.0533707865169,341.8827905547753,565.2456402153558,297.55884977762173,490.60429833801504,301.8867406952247,640.0163857677903,319.84799274344573,436.00238471441946,326.05443147237827,776.7649081226591,583.6220227645131,353.6722407537453,574.9190586961611,793.2911985018727,885.8786136470038,234.67901451310865,848.9568703183521,659.0772033005619,1017.0663623595506,335.5298308754682,923.2910522003746,627.9233965355807,1191.4293656367042,406.9541491104869,1130.6981507490636,386.8602235486892,1571.165145131086,419.2491807116105,1592.040466994382,617.3314606741574,1920.573355571161,414.02643668071164,1881.1491982677903
522.8084767088015,343.5997849367978,566.7898525280899,298.76000336493445,491.6578885767791,302.2623332162921,641.0084562265918,320.1569083567416,437.53730688202245,326.2914764747191,773.9879593867042,582.555155664794,355.0346003043071,575.4237622893259,792.759612008427,884.9410404962547,224.00383309925098,848.968208684457,653.145628511236,1018.5418129681648,320.31008602528095,905.5503862359551,637.5768082865168,1185.8962429775281,406.96475596910113,1131.102966994382,386.7783678604869,1569.4872132490636,416.05073735955057,1586.8728054775281,608.9181004213483,1920.0867567883895,414.4021389279027,1883.5507373595506
525.2856536750936,345.68341087312734,569.0420909410112,300.52394224016854,492.84468632958806,302.8183520599251,642.8126463014983,321.9461391034644,438.51935568820227,325.96986920646066,772.2339507256554,582.5973636470038,354.85764864232215,574.2674683988764,792.560715121723,885.7672050561798,203.55446804775283,853.3447448501873,653.7412950608614,1018.4091906601124,298.55805243445695,861.3979108146068,636.934764161985,1187.933052434457,394.70110603932585,1139.8948092228466,386.3066186797753,1570.5882783239701,417.8918685627341,1592.0618270131088,613.0508982911986,1923.237359550562,411.17297226123594,1880.99923923221
526.511879681648,347.2359623712547,567.4779816245318,300.81244879447564,494.1848080524345,303.5508287979869,643.2545499765918,322.5357707162921,441.1984287219101,326.4005808169476,772.6970681179776,582.4694595622659,353.05316596441946,572.4314943235019,792.7409585674159,885.7526480571162,220.44680477528095,849.1085118211611,654.3488120318352,1019.1609609082398,301.31612827715355,831.4151743913858,639.8174157303372,1188.714302434457,405.56406542602997,1118.7255676498128,387.2553838951311,1571.834767088015,414.2719305945693,1583.3349426498128,612.0150836844571,1925.966028792135,411.2816011235956,1880.0882198033707
527.9173250234082,346.7003525866105,568.529450491573,300.9512340531367,495.3483438670412,303.19747410463486,645.5730629681648,321.4209533005618,442.683754681648,326.21960586376406,772.5054131554307,583.0171392205057,358.8479488529963,578.4985077247192,793.7479517790262,886.9046992041199,252.9274198267791,882.5452803136704,651.3761118913858,1020.920163272472,220.2116251170412,852.6937763342697,643.6169387874531,1189.841482326779,398.51613705524346,1113.516502808989,387.82449672284645,1568.1631846910113,640.2125029260301,1612.833274812734,611.6303838951312,1921.1709971910113,413.7846003043071,1883.753511235955
528.1037131320224,347.2639791081461,568.8549713249064,300.82870654845505,495.71387816011236,303.2400478405899,646.3540935159176,322.66444288389516,443.1300474016854,327.05045207162925,773.3518404728466,583.1217447916667,360.9573970037453,580.550788565075,791.7956314372659,888.5352294007491,233.09734901685397,799.4376901919476,655.6293158941949,1020.95469042603,348.8742831226592,800.4103025514981,645.1283795646068,1196.6522559691011,400.98592579588023,1108.7216175093633,389.2869996488764,1564.0250468164795,640.5473139044943,1613.2619382022472,612.1684076544943,1921.3765507958801,412.94161107209743,1889.3179424157304
527.75624707397,347.2205641385768,568.9720125234082,300.8146981800094,495.11089653558054,304.2683462078652,647.2323414091761,323.35505910580525,443.9580407303371,327.64516766151684,773.3975596910113,583.9233306999064,352.04895248127343,573.835001170412,790.3637786750937,888.3721763810862,258.2051000702247,793.0604078885768,655.7634012172284,1021.7097524578652,228.83405021067415,830.6157098548689,642.908985838015,1197.0286165730338,405.11352996254686,1156.6962195692884,391.93922635767797,1568.5274754213483,421.2926468867041,1591.9001638576779,608.7352235486892,1925.4510475187267,415.58937558520597,1891.2766268726593
530.5695517322098,347.25772471910113,571.7741982677903,300.5133353815543,497.22861072097385,303.81270847963486,649.2236511001872,322.2044709737828,448.6542456694757,327.346017673221,779.731097846442,584.9055258075842,359.7572858146068,564.4104415379213,796.5672547986892,887.9570458801498,283.93975304307116,746.3084474485019,660.2334971910113,1020.3415408473783,190.04773086376406,789.3964331694757,653.3336990870787,1190.9999707397003,406.0028236189139,1155.8290174391386,395.3413213951311,1562.3169768258429,424.1426000702247,1583.9265859082398,610.0881466526218,1921.3478757022472,421.61099894662925,1897.801966292135
532.8463687968165,347.53511235955057,573.4973373127341,301.0868555419008,498.80749648876406,305.4646535580524,650.630852059925,322.85492743445695,451.50024871254686,332.84026070926967,782.6776831694756,585.9577261821162,363.40823970037457,564.073911516854,802.5784907537454,888.5997483614233,263.89674040262173,735.1396447799626,669.3643199906367,1018.2319463951311,111.67109228698507,780.0340882490636,657.0881612827716,1188.0612125468165,399.592111423221,1151.9883105102997,396.3316362359551,1563.885475187266,652.3694990636704,1609.044212312734,614.1801264044943,1900.053838951311,424.26980922284645,1898.6573911516855
533.3290905898876,348.62849660580525,572.6192357209738,302.591603025515,499.72253920880155,306.99522325608615,629.3580290262173,321.65419446395134,452.0046962780899,332.93912394662925,783.521184456929,585.1693074087079,361.60331811797755,568.9779377340824,798.8669680477528,889.269297167603,245.1354020365169,717.2809135065544,669.4562704822097,1018.071014747191,65.7892600070225,789.3172109082398,659.885080173221,1186.4052990402622,401.58788330992513,1153.592506437266,398.17766853932585,1567.649520131086,404.1754447565544,1577.262113764045,610.7479664091761,1893.9818878745318,424.7703797986892,1900.985633192884
536.4938114466293,349.40074906367045,576.9334474485019,305.3087693117978,504.02394955524346,308.77670002340824,633.1523583801497,323.3946336610487,455.7981478230338,335.5746722846442,786.9662921348315,586.1130617977528,364.1613998127341,569.7296348314607,807.2569932116105,890.2397881554307,264.3894106975656,701.5633778089888,672.2349016853932,1021.7515215355805,33.76488617743445,777.5535463483146,665.4554365636704,1184.08985838015,405.3579266151686,1148.5969686329588,400.9694668773409,1565.8860018726593,656.4473607209738,1610.4753335674159,613.5755354634832,1892.8405898876406,425.05742333801504,1899.0878101591761
540.1182847612359,354.93500555945695,579.4661458333334,307.377106741573,507.1557525749064,310.043049215824,634.9656191479401,325.32610603932585,459.2782947097379,336.9612447331461,786.009772940075,587.2347188085206,390.794929190075,567.2707455524345,808.0268316947565,891.609535931648,253.13034000468167,699.9149988295881,676.6094627808989,1023.8575316011236,30.111701193820238,792.8130852059926,661.015478698502,1191.2737739934457,407.1915964419476,1149.0077100889514,400.87810159176036,1573.7186914794008,408.54488529962555,1567.0836259363296,617.608043656367,1916.8643199906367,423.09888518258435,1899.7480688202247
539.6398057116105,355.2144779962547,578.9102732911986,308.03685334737827,506.6412102059926,310.5822799625468,634.748507724719,325.9854868913858,458.8118123829588,337.82654494382024,784.3733906835207,587.2117128979401,396.69973080524346,566.8433257256554,808.158210440075,893.3818322799626,245.9873888108615,693.5560042134832,674.2421582397003,1024.9215092462548,22.037504389044955,786.6078534644195,657.2558959503747,1190.5288799157304,426.9703885767791,1200.9967521067417,401.2654348080524,1575.6326076779026,407.40578183520597,1577.3904201779026,615.3346646769664,1891.0905313670412,423.7009889981274,1902.6850713951312
541.1182555009364,354.48417749297755,580.5128599016854,307.414925678839,507.5956811797753,309.73823004447564,635.2993328651685,325.4764674040262,459.3493240870787,337.25483526451313,786.3659439372659,587.6059954353933,396.0949204119851,563.4600670060862,806.7963629447565,892.9518521769663,241.44487359550567,689.7463132022472,677.3939314138577,1022.6405957397004,34.49262640449439,800.560554190075,652.5490841526218,1216.954002808989,428.451252340824,1196.4661604634832,626.666959269663,1634.1353581460676,405.94247425093636,1578.7976942883895,613.8748683286517,1923.2737886235955,425.1673689138577,1910.999531835206
545.0381846910112,353.7869045529026,584.5221793071162,308.62308345037457,511.0904582162922,309.22200520833337,639.1937324438202,325.5101898993446,462.2711113061798,335.6822404611423,782.2196131788389,586.7338556296817,392.23373127340824,564.0316303838952,808.4790496254682,893.4413769897004,239.47324145599248,693.2189987125469,680.0583011470037,1026.931326076779,25.027833860018745,812.8191567181648,660.5282947097378,1194.194756554307,429.5095242275281,1189.258836610487,630.1234784644196,1632.0888927902622,407.97343164794006,1583.2768609550562,619.3965794709738,1894.6952539794008,426.5208040730338,1907.4724953183522
545.2925298455057,349.38172986891385,586.9788740636704,308.23776187968167,512.8823589653558,308.708048045412,639.9675210674159,325.25419885299624,464.0756671348315,336.14477264747194,784.7450696395131,586.7552522237828,390.84613471441946,566.2606800093633,809.4080641385767,892.9792837078652,235.89031776685397,700.7461376404494,680.4336376404494,1027.8013810861423,24.856405079588058,823.2878335674158,649.9830290262173,1209.8515039794008,429.238208099251,1189.7928370786517,399.78917954119856,1589.3814372659176,408.13443644662925,1583.0360486891386,616.838351474719,1886.9839946161048,424.7546523876405,1899.3505676498128
544.9653265449439,347.0683008544008,587.3569171348315,306.92602264747194,513.5077978698503,306.7574284585674,639.0689372659176,324.9828827247191,462.9331987359551,333.6735574672285,784.0757402855807,585.917895599251,389.974689840824,564.7350479868915,811.0807291666667,890.8944873595506,235.44658532303367,701.2390273876405,676.9155255149813,1025.5220037453184,27.851196746254686,826.1137201544944,662.3435305477528,1187.4397237827716,430.5247103230338,1191.186578300562,400.5013752340824,1586.345388576779,407.8774578651686,1579.1400397940076,614.2062412219102,1894.2712722378278,427.9507549157304,1901.7652738764045
548.0040818117977,344.32873215121725,589.2984111657304,305.1288733321629,517.223051264045,305.23135753160113,641.613120318352,323.8837561446629,465.0400134597379,331.700389161985,784.8611598782772,585.5436929424158,384.17500585205994,565.3030269779963,814.7234901685395,890.2073823735956,242.22231975655438,700.4327598314607,675.4807467228466,1024.8498215121724,16.55503862359552,819.2518872893259,662.0520979634832,1193.0845476357679,427.74995610955057,1186.6311885533707,401.48649637172286,1579.4937968164795,408.8560685861423,1581.0412277621724,617.9704324672284,1900.3979400749065,434.6503394194757,1896.1761177434457
547.5807584269663,344.9510987242509,589.3856800093633,305.3381576252341,516.9922606507491,304.9596024988296,640.8004886470037,324.2068264279026,464.7975918773409,331.3235896535581,788.5966028792136,585.4308944873595,389.9474777621723,562.9755895950375,810.4324672284645,887.5555945692885,244.42071921816478,700.0169709737828,679.5042573735955,1022.0448560393259,33.32539647705994,825.0759304775281,662.265478698502,1193.2780313670412,430.85023115636704,1189.7945926966293,403.5463483146068,1580.0813436329588,406.72979576310865,1581.9087956460676,616.9556852762173,1891.5810802902622,426.25980220037457,1901.4867158239701
545.982268258427,346.9311066245318,588.2571834035581,306.462777241339,515.56874707397,305.7752516385768,639.9345300795881,324.05653821395134,463.9325111189139,330.70488061797755,790.3629008661048,584.7242582514045,387.4193147237828,566.3195663623595,812.6386938202247,889.855088366105,243.9168568586142,700.0899754213483,676.9494674625469,1022.0147910814607,16.707009304775283,817.5779786985019,659.3439840823971,1194.986174508427,411.8455933988764,1153.792500585206,400.35456168071164,1571.0287921348315,424.4528323970038,1594.9381144662923,613.1530167368915,1900.8203125,425.2152095037453,1897.5564723782772
548.6739963717229,346.82061241807116,590.3642175795881,306.18630398525283,517.7062119616105,305.78231068586143,642.831884948502,323.6987579002809,465.1354751872659,328.90226328417606,787.4581577715355,584.7106887874533,388.1473841292135,564.5251419124533,816.7285522003747,892.3577217930712,243.37978405898878,702.51953125,676.4318527621724,1022.8092082162922,34.40813728932585,823.877574906367,661.6961464185395,1189.9359930945693,415.6455553604869,1119.5098899812735,400.2097231975656,1584.9076837546818,410.07285814606746,1578.0787687265918,614.1310422518727,1893.4692474250937,425.5279289559926,1898.6151100187267
546.9572214419476,346.3859140917603,589.1766883192885,306.0727191596442,516.3031074438203,305.8075842696629,642.4621810627341,321.7622015449438,466.0162833567416,330.3177302785581,786.9387874531835,583.7397588951311,384.193366690075,564.9742875117041,814.5523174157304,890.6208304073034,248.27430067883893,701.6871488764045,679.2862681413858,1023.404143258427,9.700301381086149,811.8869235720974,665.5826457162921,1187.9679453417602,433.18827539794006,1189.0814460440076,402.76999941479403,1577.6198209269664,408.90998068820227,1574.9944405430713,615.1414003979401,1899.335791198502,424.7672343164794,1894.146184456929
545.2102352528091,346.54874765917606,587.7310832162922,306.19685598080525,514.0580378043071,306.57451501053373,641.1989407771537,322.87343457397003,464.2943147237828,332.8833465004682,788.00079002809,589.5023554541199,388.9561388108615,567.5106434339888,813.5947741104869,891.5430419007491,251.67566420880155,704.9754213483146,678.7757490636704,1024.8632080992509,20.131159293071164,806.2019399578652,660.766254096442,1189.823048338015,410.25983146067415,1160.9241134129213,624.4286926498128,1628.4070692883895,407.7657566713483,1578.3495727996255,612.8796523876406,1896.479547050562,423.818908005618,1896.418685627341
545.2546377574906,348.57816889044943,587.5572770365169,306.98904201779027,513.8849631320224,307.4990490402622,641.5608175327716,322.9198852996255,464.59511060393265,334.07519165496257,788.3526451310861,584.589221968633,371.7891210205993,569.1558037804307,818.6663155430713,894.6746986189139,226.7120201310862,721.3216877340824,680.167807818352,1028.8804277855807,14.2654933286517,805.4520716292135,659.4034556413858,1191.2718720739701,406.2119616104869,1165.7305565308989,399.99604985955057,1569.991953417603,650.8623741807116,1579.693059456929,613.5109433520599,1896.8782186329588,424.6324174859551,1894.8880793539327
542.9453417602997,348.3080597495318,584.446175678839,305.59797079822096,511.2494147940075,307.0409790496255,638.8902299859551,321.6740548923221,461.55299040262173,330.43791695926967,782.1248829588014,584.4280708684457,366.9836288623595,567.9921216643259,814.8438963014983,895.15390917603,242.51338658707868,733.4490578183521,675.5262464887642,1029.620932818352,41.38456080290263,799.8779113998128,652.9541198501872,1215.8505237593633,408.4916315543071,1169.9421377574906,396.51787804307116,1573.3406484082398,423.24013927902627,1587.2732326779026,608.0886440777153,1894.7549449906367,419.10968223314615,1899.6181530898878
537.1552405196629,349.08587166432585,578.9385826310862,304.67916081460675,504.3999444054307,307.3306925912921,634.4888225655432,322.8511601708802,457.44440543071164,333.26804628979403,785.7347992743446,585.4390507958801,362.9876228932585,568.9795470505618,808.5574672284645,893.2435042134832,215.4581431413858,773.6956489934457,668.286955758427,1029.3114319990636,60.71962049391385,791.4815952715356,649.6420733848315,1215.5574818586142,420.47979576310865,1195.1848519428838,392.8157186329588,1568.9758895131088,421.5561358848315,1592.9921582397005,611.6530606273409,1904.0276802434457,415.5519224016854,1895.9900222378278
538.870625585206,346.0522003745318,580.7635475187267,303.2543670997191,506.14422401685397,305.1839558462079,635.3659000468165,320.50923893960675,456.18321336610495,331.4745362242509,783.6221324906367,584.4105146886704,360.60495669475654,568.3109126287453,809.5847963483147,893.1279260299626,236.14385826310865,785.3386148174158,670.8295294943821,1029.4271564840824,109.1404421231274,786.8308169475656,652.0387113764045,1216.6208011470037,422.6745376872659,1197.531089068352,393.3945605102997,1572.409146769663,420.6535287921348,1590.3762874531835,610.2397881554307,1892.6822916666667,418.0231010065544,1894.353054775281
538.695941596442,346.0566991455993,581.0354488529963,303.08412701896066,506.4680623829588,304.736328125,635.6843984082398,319.73877867509367,456.0076515683521,330.7868460323034,785.1433754681648,584.4315089536517,362.41748595505624,568.0717096793071,807.15626463015,893.0780372191011,294.7496781367041,745.9843164794007,671.7604459269664,1029.2764659410113,205.40737652153564,774.1011235955057,652.8703622425094,1218.418992860487,420.4495845037453,1205.5562382958801,393.26793656367045,1571.7930711610488,420.7005647237828,1597.3060042134832,608.3687382958801,1891.539384363296,417.3513576779027,1896.3579705056181
536.0659527153558,345.7001258192884,579.0537219101124,302.4913864992978,503.63998127340824,304.33244455173224,633.9971763810861,319.4078812617041,453.05667720037457,330.2166725187266,783.4702715355807,585.0814167837079,350.9791959269663,575.4270906484082,803.4660287921349,891.7721500468165,275.00914384363296,824.0851035814607,665.0220915262173,1029.3099689840824,180.96240783005624,805.7574028558053,650.6488471441949,1216.9584650046818,417.89676966292143,1193.8001814138577,653.1270482209738,1612.9703593164795,417.4209240402622,1579.2047050561798,608.573048338015,1900.0626170411986,416.58634714419475,1896.3952773876406
535.9043627106741,345.96200550093636,579.0207309222847,302.43826076779027,503.4211142322098,304.6622812792603,634.1306033473784,320.92147998595505,454.1099748361423,330.53528060627343,783.4290145131088,584.4097831811798,371.0888488998128,574.4501258192884,804.3642468398878,893.4870230571162,203.5793393024345,866.2570956226592,666.7951193820224,1029.0735457631085,212.9460001170412,829.391093164794,650.1016063904494,1218.1957367743446,414.115241690075,1194.667822448502,391.2854781132959,1567.3822272940076,419.84718808520597,1587.355161516854,609.5885270365168,1899.4870669475656,415.42632256554305,1897.3203417602997
539.0283386001873,345.17925591058054,581.0065543071162,302.53646564840824,506.93359375,303.96696512172286,636.0824116338952,319.9435641970974,459.2798308754682,330.1602732911985,783.3056091994383,584.4693278909176,370.0931209035581,576.5418714887641,805.6645014044943,893.8437792602997,231.93747073970042,891.4461903089888,665.7425532537454,1028.7376375234082,250.98826661985026,821.2226416198503,651.8292807818352,1195.6129301264045,399.45129623127343,1147.1983263108614,390.9243328651686,1566.914940308989,420.4969130383895,1590.4194463951312,608.9139308286517,1895.2248654026218,415.8971939372659,1895.7023934925094
536.1257900280899,345.09337693117976,579.4764600889514,301.9230234667603,502.8144750702247,303.8956431413858,634.8845681179776,320.7657420411985,454.48882256554305,330.74248010299624,784.7485808754682,586.1644136235956,370.18997249531833,572.9766502808989,801.4870815777153,894.0802756320224,203.63668948970042,859.1649841994382,665.3080378043071,1026.8444961376406,300.414691596442,820.144765332397,644.912584854869,1225.0751989700375,403.2702773876405,1146.7883895131085,388.1550649578652,1558.829149110487,415.512347846442,1590.4269077715355,611.0579061329588,1898.7226416198503,411.8504213483146,1902.208128511236
537.3733760533709,343.99110486891385,580.1018989934457,301.41530240519666,504.24735194288394,303.91372966409176,634.9739583333333,320.95469042602997,454.85026041666674,332.5300283824906,785.0874882958801,586.4511279845506,371.9640976123595,575.4716028792135,796.5033941947565,898.8029611423221,216.91238003277158,862.6842667368915,655.9590063202247,1027.9544856039327,321.7930711610487,845.636484667603,640.9481800093633,1189.3832660346443,395.8625936329588,1122.2567006086142,385.68147237827714,1565.180243445693,417.09642731741576,1586.7513752340824,601.9409819756555,1923.0885709269664,409.8836903089888,1895.8511821161048
538.8287833567416,343.07679365636704,581.9356419709738,301.7007732034176,506.3576047518727,302.98327042368913,636.1492714185395,320.2628672167603,456.27289618445695,331.78557320926967,782.2406074438202,584.8882256554307,374.3493972378277,575.7603288857678,798.3893668071162,897.0120845037453,241.802653909176,861.4403382490636,651.9670236423221,1028.5827042368915,326.3187617041199,867.0624122191011,642.6446190308989,1188.1809603230338,428.4163594335206,1138.8497044709738,387.5128013810862,1567.0088658707866,418.02456402153564,1588.9485311329588,601.878364934457,1919.463366104869,409.45290554775283,1892.5839770599252
538.1819844335206,342.51108233848316,581.044300093633,301.41168144311797,505.6932496488764,302.91202159410113,635.2551498127341,320.61058930243445,455.0198238529963,331.43320605102997,784.0949789325844,584.6862198618915,367.03593164794006,575.8330041549626,795.8939753043071,898.3797109082398,265.2951632724719,857.2869118679776,649.5550971441949,1028.8009860720974,338.6120376872659,884.7905694054307,640.4667749297753,1185.0194580992509,414.5104751872659,1122.6319639513108,387.13709913389516,1563.73829588015,417.3431647940075,1587.1452188670412,608.8600918773409,1895.422811329588,412.2889600889513,1896.1080875468165
535.6010797050562,341.84815367509367,578.92578125,299.7235998946629,503.4753189372659,300.9616031718165,634.2862681413858,315.82265332397003,453.0830846207865,328.20901363529964,782.5702247191011,585.6948589653558,366.4953476123595,576.2876726357678,797.1305887172284,896.8904348080524,246.60909702715355,853.2416754447565,642.9976445458801,1030.9650778323971,360.4667749297753,905.597422167603,644.3087985720974,1181.4208069990636,410.87773583801504,1121.4037628745318,387.6728552200375,1560.017117275281,417.228830173221,1583.7915496254682,608.2739349250937,1919.1676907771537,409.68991397471916,1896.530313670412
531.9438348548689,341.9514791081461,574.8087839419476,298.1476401568352,499.60703417602997,300.54874034410113,631.7294300093633,315.86160609784645,450.6990285580524,327.2244411282772,778.58672752809,585.3885767790263,364.65172928370794,576.645233497191,795.7612066947565,893.6696073267791,249.93028733614233,853.2031981507491,645.128745318352,1026.552185744382,366.28628277153564,908.6590736189139,641.5426029962548,1182.1153733614233,408.42330875468167,1114.3446424391386,387.40636704119856,1561.6915379213483,417.07367743445695,1581.5540145131088,599.5556091994382,1915.612418071161,407.8272033005618,1890.9941186797753
532.1182993913858,341.2504389044944,574.6885972612359,297.4987564372659,499.4847261235956,300.12346017673224,632.3115636704119,313.7031469452247,451.31393375468167,326.9839214653558,779.2642497659176,584.9710688787453,366.0539559925094,575.5524710323034,797.2897647471912,893.6726065074906,263.80391210205994,851.9207923689139,641.9875058520599,1028.7559983614233,385.34205290262173,931.822038857678,643.6932350187267,1182.8540496254682,406.9793129681648,1107.7026275749065,644.6687002574906,1620.7967579588017,419.19877984550567,1591.1562207397005,601.7704675795881,1911.432730571161,408.666022940075,1895.8647881554307
531.5476503979401,342.40570868445695,574.0891268726592,298.0378774578652,498.3969013342697,300.47372425093636,631.2925737359551,315.81310715121725,450.4104488529963,327.22498975889516,781.3064723782772,586.1623288272472,364.00273583801504,576.4373024929776,797.6599806882023,892.7988208099251,271.22329997659176,850.1573472612359,641.7328680945693,1028.5824116338952,382.3212927200375,941.2403441011236,640.5477528089889,1179.021023525281,408.529304190075,1104.3947507022472,385.78973548689146,1562.1523876404494,414.223285346442,1585.15156835206,599.8686212546817,1913.8055945692884,407.7215736189139,1890.7815426029963
527.374765917603,344.6187748712547,569.8680360486892,298.80808169475654,494.92326486423224,300.88360618562734,650.6958099250937,320.8161794826779,445.6691830524345,325.30668451544943,781.2736276919477,585.4039018609551,360.7037102059925,578.288126170412,793.8834269662921,895.0581548455057,270.4596793071162,850.1406688904494,639.8359960205994,1028.917807818352,376.7622746956929,943.0297577247192,640.6254389044943,1178.615695224719,408.41782244850185,1128.2946365870787,635.2238412921349,1618.7856975655432,412.8018931413858,1587.8654611423221,598.3898057116105,1918.9438494850187,404.963205173221,1898.1618679775281
528.9134187734082,344.49569873595505,571.5586961610487,299.3032756905431,496.49959035580525,301.13420236423224,651.3641883192884,321.37644106975654,448.42228464419475,324.68673191713486,781.4066889044943,585.5551776100187,363.1750351123595,576.9970520248128,793.8772091526218,896.6682759831461,270.9016561329588,850.8805887172285,641.8479342228466,1032.6409614934457,378.9658678604869,946.1699730805244,643.3222875702247,1187.7915788857679,409.0320692883895,1129.465780079588,638.3567415730338,1622.3844218164795,414.3615402621723,1587.9292485955057,601.3805009363297,1912.230073735955,407.98491631554305,1901.9973080524346
533.1403616573034,343.89838629447564,575.9285756086142,300.055704295412,499.6022793773409,302.19408356741576,632.4566947565543,317.7029933286517,451.75283824906376,327.6253072331461,784.7640888342696,584.7840224133895,367.81103698501875,575.4411355922285,802.2376814138577,895.4356858614233,275.53524403089887,850.201018258427,649.9861013576779,1033.2979283707866,379.62239583333337,947.2654055477528,648.6282040028091,1189.9337985720974,417.0779933286517,1128.2218515917602,641.8041900749065,1621.2355161516855,412.1775514981274,1582.9308579119852,603.2511118913858,1920.3225948033707,412.8332748127341,1897.790554775281
532.2727937734082,345.60206724016854,575.5102996254682,300.9981419709738,499.0826896067416,303.97034834386704,633.4148964185395,317.9756993211611,452.16204353932585,328.1572594803371,783.966965121723,585.9433886352997,367.7158678604869,576.2381495786517,798.7739202949438,898.0481917134832,276.00296992041206,850.0182145365169,650.6401422050562,1033.2595973782772,380.5375848548689,947.5949496722847,649.201632724719,1192.155533122659,416.1677785580524,1127.7220125234082,387.34265273876406,1569.1505735018727,415.3857970505618,1586.3587020131088,604.3776334269664,1920.4367099719102,408.0500204822098,1892.7413974719102
528.6280577013109,345.6694390800562,571.4519692181648,299.98952115519666,495.87078651685397,302.1638540203652,651.3989349250937,322.04050356975654,448.57443820224717,324.83083889279027,782.0883807350187,585.0974733731274,362.80906191479403,577.5922796699439,794.4988442181648,896.4716467696629,268.0692591292135,851.5155372191011,649.4295704588014,1032.1497542134832,378.66148759363296,946.2698238529963,642.2461669007491,1209.0951983848315,410.1201135299626,1134.4632198033707,644.766795411985,1611.2801381086142,416.49315308988764,1591.1094042602997,604.4135504447565,1914.9302141853934,409.106097846442,1895.9622249531835
529.4012611189139,346.77792895599254,572.2388518258427,300.171172752809,496.37406367041206,303.0080319522472,652.251945809925,320.9231624531835,449.8412628745318,325.9603596090824,782.4025632022472,584.8904933286517,366.2093281835206,577.720000877809,796.8973841292136,896.7558374297753,268.15426029962555,852.4621810627341,647.891795411985,1032.4495991338952,379.4758748829588,945.8606917134832,646.0206724016855,1207.8283005617977,416.6530606273409,1128.8875234082398,642.5092901451312,1626.378745318352,414.40718632958806,1584.1189723782772,612.5095095973784,1900.7496488764045,409.05979342228466,1898.4287219101125
531.7346237125469,344.3949701544944,574.9956841058053,300.2465180243446,498.8934486189139,302.46177873361427,632.9282244850187,316.76048250234084,451.85334737827714,327.7861657303371,782.6945809925094,585.0791856858615,367.6846324906368,575.2207323852997,796.9763869382023,897.4539150280899,271.07209737827714,850.3616573033709,648.0780372191011,1033.9884714419477,379.639220505618,945.8170938670412,642.0207894428838,1204.428765800562,411.5986364700375,1134.076325491573,386.31517731741576,1570.3345915262173,415.2743884597379,1591.0933110955057,602.4876375234082,1925.033356741573,412.30644311797755,1896.6851006554307
529.4039676966293,344.9811271067416,572.3874941479401,300.04575579353934,497.1273700842697,302.5006400690543,630.3247161750937,317.90953446863296,449.7393638810862,325.64226357677904,782.1436095505619,585.5935086025281,363.4284293071162,576.5751916549626,795.6925912921349,896.3784527153558,268.5336200842697,850.5555799391386,644.937968164794,1032.2595534878278,379.288828417603,944.6891093164794,648.8715765449438,1184.619762406367,409.7364378511236,1136.449774695693,638.2810305477528,1626.9993562734082,416.0534439372659,1589.2800503277153,605.42266502809,1917.202276451311,409.9715443586142,1901.7731741573034
529.9522325608615,344.7701969218165,572.8562441479401,299.90243518843636,497.5384772940075,302.16354312968167,630.7514044943821,317.57472349016854,450.9639805711611,325.27980161516854,782.3899812734082,585.7896989115169,365.83106566011236,576.1973314606741,795.8830758426966,897.6182116104869,270.1454236891386,850.3740929307116,646.7039735486892,1032.6337195692884,379.927653909176,944.9525251638577,649.3706841058054,1185.0917310393259,413.9851065074906,1136.0369850187267,640.5650163857679,1629.8065894194758,414.9250204822098,1589.5490987827716,612.4275076076779,1897.6176264044946,413.97815718632967,1896.048981741573
530.1055565308989,346.5183900983146,573.2195107677903,300.40466994382024,497.0101825842697,302.86377867509367,631.1662423923221,317.35161370552436,450.4051088483146,326.2491221910112,783.8373419943821,586.4189782303371,365.1226006554307,576.4092126053371,797.2488734784645,897.1153002106741,270.04857209737827,851.6902212078652,645.8285785346443,1032.7138927902622,378.3423308754682,945.1282332631087,647.7043100421349,1206.6850275046818,415.1239905196629,1132.1515829822097,385.4098636470038,1581.1939665262173,415.3057701310862,1595.2476884363296,603.2806647940075,1923.0683813202247,412.56861540262173,1897.8528792134832
528.0072272940075,346.40069054307116,571.0137230805244,300.73498215121725,495.5843281835206,303.5453973548689,650.8039267322097,322.74659117509367,445.96003043071164,325.96167632256555,781.0976269897003,584.9472217345506,362.5397940074906,578.4922899110487,795.2631232443821,897.7141122425094,267.5629827949439,852.7370084269663,650.274534761236,1031.6503540496255,379.7192474250936,944.1227762172285,646.181018843633,1186.4365344101125,417.31032010767797,1137.438114466292,383.3552054073034,1582.6860955056181,416.5128306413858,1598.7410756086142,601.9239378511236,1925.0412570224719,408.65797635767797,1900.5201018258429
528.68906542603,347.5337224953184,570.9089712078652,300.35937134246257,495.4321746254682,303.04424157303373,651.1012113764045,322.33541081460675,447.583830758427,325.64102001404495,781.9501989700375,585.3190104166667,361.0825579353933,578.3353815543071,792.4544270833335,898.092813670412,270.5840355805244,853.114612593633,649.6589712078653,1032.3327042368915,379.6836961610487,944.3995055009364,647.2719891151685,1187.3054921582398,419.912658005618,1134.222114934457,386.55299040262173,1572.901012406367,413.55095681179773,1597.204470973783,601.8319873595506,1919.3052141853934,410.3659000468165,1899.1625702247193
529.5704588014981,347.6960074321161,572.0774812734082,300.485391795412,495.98212195692884,303.17841833450376,651.5191216058054,322.21924742509367,447.9536809456929,326.12308345037457,784.7041783707866,585.2770950374533,363.89103464419475,578.0105190777153,796.3139337546818,897.3166110720974,269.36015039794006,854.6904991807116,652.848124414794,1030.8454763576779,379.70725070224717,944.3044095271536,648.6668275983147,1214.4112827715355,420.585864349251,1133.5434954353932,385.13657244850185,1576.9396652621724,416.2194961376405,1594.8364349250937,600.9291608146068,1921.3319288389514,408.1601855102997,1895.8498654026218
527.4721295646068,347.31141736891385,570.3874795177903,300.8649893199906,495.6634041432585,304.1010870201311,650.6791315543071,322.55343662219104,445.24030021067415,326.9676819990637,781.5586230102997,585.9167617626405,362.8537570224719,579.1890873712547,793.8720154494383,893.004374414794,268.14855454119856,854.3132607677903,648.2395540730338,1032.7122103230338,379.4698033707865,945.0313816713483,645.3002106741574,1183.4624444054307,419.95698735955057,1124.5423689138577,385.15069054307116,1577.719305945693,413.5767058754682,1599.1101942883895,599.8720593398876,1917.8748244382023,408.3336990870787,1900.166637406367
527.6291842228464,348.11622191011236,570.3424918071162,302.6793839243914,494.85091877340824,305.54989246839887,649.9934164325844,324.73823004447564,444.26527387640454,327.7603800912921,782.8739466292136,585.7273013225656,361.04656776685397,579.5826384012172,792.9523642322097,893.4305506788389,268.95540730337086,855.5476065074906,647.1255413155432,1032.2490929307116,377.66861247659176,945.0970710440075,642.32421875,1213.1914940308989,417.9280781835206,1130.9647120786517,636.2077188670412,1640.1171875,416.0806560159176,1598.3538155430713,598.6898700842697,1922.1279552902622,408.96813553370794,1905.8804424157304
528.1644282537453,348.00627633426967,570.330860838015,301.860625877809,495.8705670646068,305.3390720095974,650.4509012172284,323.1025061446629,446.1527095037453,328.8671875,782.2570663623596,586.3272837663858,361.01642965823976,578.9039457514045,794.402650983146,898.3452569054307,271.0284263810862,854.658751755618,645.7405050327716,1032.667807818352,379.66774929775283,944.770233497191,645.9227966994383,1181.079924508427,386.07816889044943,1149.6881583567417,390.3762874531835,1580.269926264045,416.8256963951311,1600.0076076779026,606.4360955056179,1924.2392322097378,408.8213219803371,1906.3989349250937
529.2711259363297,348.7101328417603,571.6081460674158,301.1676871196161,495.560700491573,304.7399856624532,650.3453446863296,323.35871664325845,447.61989407771534,327.47410463483146,784.605936914794,585.8951457162922,362.0383456226592,578.1465063202247,797.5005120552435,894.3114319990638,271.77909936797755,855.0390625,649.6557525749065,1030.7467959971912,380.41571570692884,945.7594510767791,647.4813465589889,1188.2152680243446,412.95770423689146,1137.5049742509364,386.52768024344573,1579.6484375,414.7430945692885,1604.5015507958801,610.9827071629213,1909.504623127341,412.63525573501875,1895.1518609550562
529.1488178838952,348.72293422284645,571.3191274578652,301.06672079822096,495.6041520365169,304.22028616573033,650.8711522705994,322.29309310627343,447.7858731273409,327.61605366338955,783.5155518492509,585.6419343984082,364.63102762172286,578.1484082397004,796.5382139513108,898.7691654962547,273.1437997425094,854.2958508895132,649.0968077013108,1030.4297606507491,380.8196541432585,946.062734082397,652.3408971207866,1209.7245874297753,386.7157508192885,1150.7209006320224,383.97881554307116,1579.3507139513108,414.4009685159176,1602.8026977996255,601.7733936095506,1925.8083157771537,409.74982443820227,1891.3952773876406
529.4293510065544,349.2553253745318,570.965004681648,301.1999465999532,495.65462605337086,304.547891795412,650.8574730805244,322.2948852996255,447.0452949438203,326.9013708450375,783.6019428838952,585.9490578183521,363.5224280196629,578.2250702247192,796.9605863764045,898.4885592228464,271.00911458333337,854.8595505617977,648.1828622425094,1030.884758309925,380.45031601123594,945.3988910346442,651.2690923455057,1211.6522559691011,422.47739641853934,1135.051863881086,384.6423659878277,1588.8292954119852,415.64211727528095,1600.7082455524346,600.2811183286517,1923.8133485486892,409.8236335440075,1894.6497542134832
531.6030255149813,351.0306209035581,572.1900602762173,303.99717638108615,498.11907478932585,307.2619308871723,651.8295733848315,323.9831680126405,449.1393814372659,330.9061914794008,780.8756876170412,586.3765873712547,365.1892409878277,577.8597188085206,798.3619352762173,898.5136499297753,276.04649461610484,852.6937031835206,649.327964068352,1031.1001872659176,381.36126228932585,945.4484872425094,647.53204002809,1213.7244703885767,414.5773349719101,1140.3103786282772,386.2470739700375,1588.625936329588,416.1987944756554,1608.728054775281,605.2963336844571,1925.7142439138577,414.18846558988764,1913.4729049625469
533.9385826310862,352.26324760065546,573.7984257958802,306.0309317942416,499.0731068586142,309.20148642322096,631.4454588014983,323.78876989700376,450.6118328651686,334.56954441713486,786.3198589653559,587.5101679541199,366.41502808988764,577.3690235838015,799.3584679307116,900.2092111423221,273.9354371488764,852.7799479166667,649.3959942649813,1033.2176088483147,370.13847436797755,939.3293539325844,649.471485838015,1215.2114788155432,416.6223373127341,1137.9405138108614,385.6807408707865,1588.3391853932585,418.3527182818352,1608.0822799625469,611.8531279260301,1893.94063085206,412.83027563202245,1914.4626345973784
535.1214302434457,351.185078710206,574.7586025280899,304.7875702247191,500.4018170646068,307.90090268024346,632.3900544241574,322.7188670411985,451.3700403792135,332.78415408473785,784.6895482209738,587.0567064606741,368.788989349251,577.3422869850187,799.7308052434457,897.7792895599251,273.1533824906368,849.6910843867041,644.9902709503747,1030.8096324906367,358.7672635767791,934.5100362827716,644.0108555711611,1212.5591058052435,411.4479459269663,1135.6952978698503,390.29889396067415,1572.6117743445693,419.65655723314615,1602.0283239700375,614.0953446863296,1909.988588483146,425.8037072799626,1903.6818235018727
535.4725538389514,347.3360691713483,578.5890683520599,302.8620230571161,501.6553283005618,305.46315396769666,634.2284058988764,321.4340472846442,453.02368621254686,331.2622893258427,783.8799888810861,585.2178429307116,368.44759480337086,575.0694200608615,802.1981800093633,893.8284907537453,259.0851767322098,841.4769867743446,656.4358029026218,1030.034600304307,324.39796933520597,920.3830173220974,649.3310363998128,1213.732882724719,414.545002340824,1136.171728698502,391.46791608146066,1567.4123654026218,420.9669066011236,1589.53593164794,602.9762845271536,1928.195078417603,414.93672460205994,1901.3401217228466
534.8520160346442,346.91830524344573,578.1630383895132,302.503163769897,501.1410785346442,304.90329470973785,633.5020921114233,320.46202013108615,452.316172167603,330.10160639044943,785.018360838015,584.8426161633895,364.71229810393265,575.1408151919476,802.6678809691011,894.5964273174158,244.85486891385767,849.2586171582398,649.2796845739701,1031.0244762406367,296.818673923221,896.5439928604869,644.3322799625469,1205.7971237125469,411.4559193586142,1130.1418393024344,388.39375585205994,1565.3831636235955,418.36939665262173,1584.7328534644196,612.9914998829588,1904.4497600655432,413.19178663389516,1906.0020189606741
533.679921582397,348.11285697565546,576.5663769897004,302.7050415496255,500.0054863061798,305.5565308988764,632.9316625702247,321.187346383427,451.54669943820227,330.1668202832397,787.6595417837079,585.2928590238764,365.75937792602997,575.3829807467229,803.1491397471912,895.5282215589888,236.71377574906364,849.4775573501873,650.6036399812735,1031.0233789794008,296.6793217462547,875.5584328183521,645.0628364934457,1188.9639659410113,392.47929833801504,1114.4652680243446,387.20308110955057,1566.8523232677903,413.41965121722853,1583.8367567883895,608.0303429307116,1898.0787687265918,411.1263752340824,1893.7377106741574
534.230161516854,349.4510402036517,576.2331021769663,303.76890946863296,500.7956606975656,306.4712261528558,633.001960440075,321.9395555360487,452.8165964419476,331.9119045529026,784.8164647705994,585.467030957397,367.4150719803371,573.3696161048689,798.7281279260301,894.1960001170412,260.5476065074906,804.1791754447565,654.7177112593633,1030.848841292135,287.49407478932585,849.8353376638577,647.7013840121724,1190.8699087078653,403.44152329119856,1148.5653675093633,644.1699584503747,1626.7330875468165,414.47441186797755,1590.8498654026218,602.36562207397,1917.935393258427,414.17888284176036,1897.8654611423221
533.455860838015,350.870859667603,574.2500585205993,304.24334693937266,499.84133602528095,307.6024841994382,631.9038213951312,323.75460849719104,452.1945956226592,332.62724572799624,785.4933286516855,585.0765156835206,361.46242977528095,573.306487008427,799.7430214185395,896.279918656367,248.88086669007498,819.1480132256554,658.3364788155432,1030.294212312734,344.2491807116105,827.2145657771536,648.2834445224719,1217.1269311797753,396.400471090824,1162.279450491573,385.7296787219101,1564.211873829588,412.8627545646068,1587.8306413857679,604.6801849250937,1925.4345154494383,413.93229166666674,1901.352118445693
531.780708684457,351.71900602762173,572.3569171348315,305.04006832279964,498.04731390449444,308.2303736540262,629.8534058988764,323.45509275514985,450.7883456226592,332.879688963015,783.8671143492509,585.4775646652622,370.6732794943821,580.9490212429776,799.4929190074906,897.2094452247192,270.54738705524346,792.7997717696629,657.618357911985,1030.1585908239701,241.03318117977528,824.1795411985019,647.7912862827716,1216.3390244616105,392.54206168071164,1156.2933052434457,386.77427141853934,1566.6930009363296,412.753833099251,1585.8251404494383,602.9350275046817,1921.6732502340824,410.8709328183521,1895.0844159644196
531.5110018726592,352.12704090589887,571.9698765215356,305.7985867275281,497.7627574906368,309.0876272823034,629.8667924859551,324.0084050210674,451.37625819288394,333.1840326544944,786.1750936329588,585.2856536750936,376.15373361423224,577.9618738295881,799.8984667602997,897.4224602059926,294.2289911048689,755.4132285814607,658.2947828885767,1031.1267409878278,230.71504857209743,797.0458069990636,648.7570224719102,1217.7005793539327,398.80069346910113,1165.9528616573034,386.9150866104869,1560.947741104869,415.0759304775281,1579.612739934457,606.0472261235955,1921.223519428839,409.5594861891386,1897.3146360018727
532.7937734082398,356.23760094803373,571.0103581460675,307.7683900983146,497.9495845037453,311.068439840824,650.9075081928838,326.4708421114232,450.5555067883895,335.926563963015,785.1715385065543,587.031871781367,356.0027504681648,575.0673352645131,802.3558930243446,895.2988208099251,280.3086961610487,743.5112359550562,658.4264542368915,1032.2646740402622,201.75027797284645,809.1559866573034,645.474455758427,1216.3323677434457,397.65442123127343,1163.2464302434457,389.15225596910113,1564.0998068820224,417.00740285580525,1583.247746956929,605.5830846207866,1924.4567825374531,410.09392556179773,1903.7267380617977
531.6506466526217,357.65182437968167,568.9856917134832,310.61976972144197,495.86946980337086,314.0924918071161,649.1604488529963,327.3938582631086,447.26708801498125,337.14862037687266,783.596163974719,587.1326369382023,369.18115051498125,571.7490344101124,800.5757695458801,899.912658005618,252.54169592696633,732.881408005618,661.3887669709738,1032.2367304541199,71.20698735955057,778.1291695926967,649.9506963951312,1216.0138693820224,416.0239641853933,1187.995376872659,389.6686271067416,1573.0740870786517,417.8127926029963,1588.1068586142324,606.4734023876406,1922.5487183988764,408.62301029962555,1906.2641912453184
531.3862066947565,359.7968969452247,568.63047167603,313.0940572331461,497.66949028558054,316.65902241338955,648.3759070692884,328.72699408941946,448.8940338249064,338.9943600772472,781.2957923689139,587.1609828534645,371.1306179775281,572.2977381788389,802.2820107677903,900.3460761938203,250.99887347846447,714.988442181648,662.2867655664795,1033.2026129447565,64.07424069522472,790.1239905196629,648.9890566479401,1218.5789735486892,417.57790554775283,1192.2928370786517,390.76149929775283,1584.3975304307116,421.49893199906364,1594.4616104868915,609.7699408941949,1921.5974660580525,413.58365519662925,1913.7296640917605
531.1301059222847,360.2938465589888,569.6003774578652,316.4987125468165,501.9101855102997,315.1439972495318,646.2047196863296,330.6061271067416,447.7017497659176,339.8387757490637,780.8587166432585,588.9213190543071,367.01669300093636,571.4095783590824,800.8736393960673,901.2551937031835,261.7673952481274,704.1858321629214,664.4741924157304,1033.9399724953184,32.04090589887642,794.2032420411986,646.4836434925094,1214.3177961142324,412.0975245786517,1186.1840180243446,389.1310422518727,1571.699145599251,418.3767117275281,1593.694698033708,605.833991690075,1923.7909644194758,412.9075959737828,1918.0366338951312
528.3238968867041,360.7999765917603,566.5926381086142,316.5334225772472,497.42333801498125,319.91434047284645,642.8680945692884,331.5745698735955,446.3267351357679,339.78212049391385,774.8286809456929,587.1138737710675,363.8227118445693,570.3621327832398,796.7611774344571,902.7843369616105,258.19171348314615,697.3400193117977,655.6676468867042,1036.8678312265918,10.046414150280896,795.9691011235956,640.3958187031835,1218.5356683052435,410.7075140449439,1192.8119147940076,641.428195224719,1625.31718164794,415.20701661985026,1588.1590882490636,608.3733467930713,1893.7391736891386,410.5446804775281,1914.974689840824
529.3518843632959,360.1887655079588,567.2806940543071,316.2512069873596,497.82478932584274,319.3506042251873,642.3768872893259,331.985859960206,446.3709913389513,340.8411238881086,776.1973314606741,588.0226255266854,368.46610194288394,568.728749707397,794.148744733146,904.706958099251,253.57143902153564,697.0387113764045,655.7796406835207,1036.0617099719102,11.140200725655461,800.8753218632959,643.501945809925,1213.2963922050562,411.24049040262173,1192.282888576779,390.06188553370794,1574.2712722378278,415.91840765449444,1587.5136060393259,607.1480717462548,1891.8000936329588,413.06625994850185,1911.6602294007491
532.0365900046817,359.79097173455057,569.4818732443821,314.33286516853934,501.98238529962555,313.694295704588,646.9703154260301,330.13009860720973,446.6537921348315,339.0718632958802,780.0117772705994,587.6877779728464,369.0379213483146,567.1066684222847,797.0962078651685,901.2989378511236,244.20024286048692,699.1047811329588,663.1497981039327,1033.4769282537454,23.11618533473785,813.5014337546817,644.6537043539327,1211.4665993679776,414.3711230102997,1185.213600187266,390.345710440075,1579.654143258427,420.359535931648,1597.2755735018727,602.5852206226592,1927.2865461142324,411.0527855805244,1914.672430945693
532.5896828183521,359.27024812734084,569.7079090589888,312.3961990870787,497.64769136235964,316.76282332631087,648.8291491104869,328.77830933988764,447.8098665730338,339.3001667837079,781.5969540028091,599.4704617275281,366.6533532303371,567.281718164794,796.1568059456929,900.6005676498128,242.10725362827714,701.7636645599251,659.6202744616105,1033.09844627809,22.048111247659165,812.7520043305244,648.3371371722847,1213.0482648642324,417.1118621254682,1183.783210440075,642.2486540262173,1626.0037745786517,421.58159234550567,1595.8944873595506,603.7559252106741,1921.7544475655432,408.59418890449444,1909.5442708333335
531.7534234550562,358.74484287219104,569.0107092696629,312.24265566479403,496.9262786750936,316.2693849485019,646.9524666432585,328.73844218164794,446.3126901919476,338.66792485955057,779.4191830524344,587.9592769779963,364.1428195224719,567.5469627808989,792.9256642088014,899.4260592228464,243.32718867041206,703.7802844101124,655.853669241573,1034.180565308989,24.829522179307105,816.7817327949439,645.4612154728466,1189.5371020599252,414.38246137640454,1175.2094305945693,638.8225655430713,1627.9631905430713,415.4648730102997,1592.264600889513,597.4774695692885,1911.8991397471912,406.61297401685397,1902.8149871254682
532.5433783941947,358.9689036165731,569.9831021769663,312.72914472144197,497.9552171114233,316.51027036516854,647.5941450140449,328.50399403089887,446.80499473314615,339.14618445692884,778.7427580758426,586.8784746605805,364.2321365870787,568.013445107678,795.0569112827716,894.1538652855805,245.70868445692884,707.4876375234082,656.8330846207866,1033.7252750468165,34.667749297752835,831.5386528558053,645.203285931648,1188.3116807116105,411.9134772940075,1173.7422460205994,639.1791754447565,1626.6390156835207,415.17592755149815,1597.0752867509364,598.0814753043071,1904.4120142790264,405.86083801498125,1905.6418246722847
534.5133280664794,359.89755237593636,572.5920967930712,314.8575754915731,503.9328768726592,313.3293831928839,648.8121781367042,329.80326106039325,449.46870610955057,341.03402241338955,779.5628511235955,587.4391751521536,364.69218164794006,570.4764308286517,794.6866221910113,894.9288243211611,255.2125760767791,705.3869674625469,661.8079207631085,1034.0148788623596,34.800920236423224,832.6188699672285,647.1625555945693,1188.9885445926966,398.4662482443821,1158.7638986423221,639.3790964419477,1623.9314138576779,415.4779669943821,1584.2423045411986,601.4104927434457,1911.8537862827716,406.2102059925094,1903.7014279026218
535.5517761001873,360.3474660580524,573.4729781132959,317.3729005735019,504.9198999297753,314.43992128979403,649.5913067649813,330.4878057701311,448.1647940074906,341.18913857677904,777.9212020131088,586.7454500234082,364.9222407537453,570.4515229985956,796.0106507490636,895.6385328885768,253.8703329822098,709.2444990636704,658.8516063904494,1036.5067591292136,10.352550035112358,825.4156425561798,640.5946424391386,1212.731083216292,410.37826252340824,1177.2577247191011,383.640859082397,1589.686475889513,418.0228815543071,1592.7014571629213,600.0698589653558,1916.2121079119852,403.2179014513109,1902.317123127341
535.7108789794008,361.9840311914794,574.4788740636704,317.36803604868913,506.11408590823976,316.10274754213486,650.7775924625469,331.65755939840824,450.4895248127341,342.258127048221,775.6062734082398,587.1165437734082,369.15993679775283,569.8189153206929,795.2349602059926,904.5558286516854,255.7994645365169,716.437265917603,658.3185568820224,1037.6744645365168,31.209364758895163,819.7580173220974,639.3023613061798,1213.7677756320224,407.9849894662922,1172.746956928839,385.258441596442,1581.62892088015,417.5874151451311,1590.747746956929,602.4564753043071,1911.9466877340824,407.783751755618,1907.2177844101125
536.0617831226592,362.54125702247194,574.9735925795881,317.40183169475654,507.5771740402622,316.76498127340824,652.03907713015,331.63433403558054,452.6715385065544,342.956094920412,775.92579588015,588.2384568117977,371.5506495786517,570.3936607560862,795.9313553370787,905.3304950842697,263.3516210205993,728.1017380617977,659.1701047518727,1037.8980132256554,45.40317035346442,816.3776480571162,641.9443469101125,1216.1262289325844,402.6844130383895,1156.5522588951312,638.4474485018727,1626.9917485955057,416.294768258427,1601.7240168539327,601.4007636938203,1912.1121547284645,408.7417339653558,1910.1852176966293
535.40781542603,361.5022969335206,572.9971324906368,316.76026305009367,505.0358438670412,315.5090194873596,650.6217813670412,331.27615139279027,448.73580875468167,342.20388576779027,774.2310393258426,587.8186446629213,365.16217521067415,571.7301249414794,791.0095534878278,906.9762406367041,254.15540145131092,742.376960440075,656.8368884597378,1039.2147998595506,99.12248361423224,806.238442181648,634.5924040262173,1209.3799011001872,423.7192766853933,1160.2943586142324,636.7575930477528,1626.7491807116105,416.30749648876406,1599.8395072565543,601.9538565074906,1913.3855629681648,407.220856741573,1902.5336493445693
533.9104195926967,360.4280416081461,571.7709796348315,317.3446643843633,503.9535785346442,314.59533005617976,649.1452334971912,330.9212971090824,446.69161107209743,340.33228727762173,773.0580670646068,587.0380530196629,361.5829822097379,574.8186958684457,786.7893404728466,907.1030840355805,245.81950784176036,763.9859111657304,652.536648525281,1040.0397208567415,123.01443264279033,802.4181443117977,635.0239934456929,1209.4754359784645,398.951018258427,1190.3061358848315,637.3217316245318,1629.0456753277153,419.43922635767797,1615.26173338015,603.0318059456929,1917.167895599251,407.09898759363296,1905.697272940075
533.0909117509364,359.99901246488764,571.6653499531835,316.60013606039325,503.3494996488764,314.1430389747191,649.0605980805244,330.6324613764045,446.0434954353933,339.802968457397,772.2498975889514,586.9230600421348,354.2197741104869,575.5864129798689,784.748361423221,907.5468164794008,282.09518375468167,737.9984492041199,653.983204588015,1039.4682672050562,206.92379154962543,779.4330085440075,638.9399724953184,1214.4004564606741,421.2944756554307,1152.2676732209738,636.2953534644196,1628.86484667603,418.535083099251,1612.3604283707866,600.1400105337079,1909.9261177434457,409.837971090824,1909.2856097846443
534.280708684457,360.7234243328652,573.3870991338952,318.05854254447564,504.1956343632959,315.14919095271534,650.4758456226591,330.85264513108615,447.58756144662925,340.08196541432585,774.288755266854,586.7157142439139,353.992348431648,576.6988529962547,785.7104400749065,908.6508807350187,307.01991163389516,744.9181443117977,652.6991894897003,1039.4218164794008,237.90832748127343,803.754608497191,639.2070458801497,1209.9071716994383,399.8812031835206,1154.6234930945693,638.0567503511236,1629.1494030898878,416.6825403792135,1609.6032303370787,603.833830758427,1914.6172752808989,409.04018902153564,1905.1442532771537
536.6366017088015,362.4491602294008,575.3037950608615,317.30443147237827,507.1332952949439,316.6348826661985,630.7699847846443,331.6771637991573,451.90528441011236,343.064687207397,773.8218340355807,587.67578125,367.05414618445695,579.1548162453183,786.4744264981273,908.1613559222847,225.46692123127343,839.0295090121723,652.9087663857679,1040.286238881086,317.1057906132959,780.4261031132959,636.778514161985,1217.6429365636704,397.98806179775283,1143.5215502106741,640.5862301029963,1629.777036516854,418.6682906132959,1599.5378335674159,607.6459357443821,1898.4600304307116,412.0085732677903,1909.1208742977528
536.9314723782771,361.33917076310865,575.2062119616105,316.651561036985,507.3760094803371,315.49212166432585,631.3568732443821,331.1010284995318,452.6453505383895,341.8184178955993,771.2414413623596,587.1006700608615,368.58555711610495,577.652885065543,786.8830465823971,909.080860838015,248.09910463483152,819.9021242977528,648.2037833567415,1039.593208684457,216.5551849250936,829.8515771301498,629.5877955290262,1218.8860603932585,391.1559281367041,1139.2722231975656,646.6395277387642,1613.0759889981273,412.17228464419475,1591.1407127808989,603.7933783941947,1887.8155723314608,408.3542544475656,1905.997191011236
530.9655898876405,359.49566216058054,569.9760065543071,315.73256817649815,501.4652095037453,313.4082762757491,647.2107619382023,329.6854152036517,445.42529845505624,337.4168275983146,767.0541461844571,585.5177610018727,364.71493153089887,579.2973870552435,786.6622044709738,906.2242509363297,217.0408327481274,892.2860340589888,643.1580641385767,1038.7001111891386,240.24710323033707,827.4515010533709,638.1511148174159,1190.5312207397003,383.1579909878277,1141.2335410814608,629.9683988764045,1640.8067064606741,404.6385621488764,1594.6187382958801,593.9740607443821,1903.4464243913858,402.1902797284645,1907.6546406835207
533.414457514045,358.9725611540262,570.7974894662922,314.0648042485955,499.30667720037457,316.3454983029026,627.8044534176031,330.3424918071161,448.6946248829588,339.7146023525281,767.2868387172284,587.4890273876405,365.93830465823976,577.3349719101124,786.736013576779,904.8922489466293,201.9409088249064,854.3112856975656,643.6687295177903,1038.781089068352,289.8204149110487,831.8054336376405,634.648291198502,1194.1465502106741,419.14837897940083,1131.0164296582398,633.1097114934457,1641.29374414794,406.48934925093636,1592.7247191011236,596.1489788155432,1916.4845213014983,403.93075550093636,1907.7604166666667
